Date,Place,amount,Month,Year,Day,City
2014-09-26,SIMON FRASER UNIVERSITY BURNABY BC,3.25,SEP,2014,26,BURNABY
2014-09-26,DRIVER SERV.CENTRE #92269BURNABY BC,281.0,SEP,2014,26,BURNABY
2014-09-27,PETROCAN-5111 GRT MCCHONARICHMOND BC,2.4,SEP,2014,27,RICHMOND
2014-09-27,MCDONALD'S #40094 Q04 NEW WESTMINSTBC,4.69,SEP,2014,27,NEW WESTMINSTER
2014-09-28,ESSO 736 6TH AVENUE NEW WESTMINSTBC,40.0,SEP,2014,28,NEW WESTMINSTER
2014-09-29,SUBWAY 45023 BURNABY BC,5.25,SEP,2014,29,BURNABY
2014-09-29,TACO DEL MAR N WESTMINSTERBC,6.29,SEP,2014,29,NEW WESTMINSTER
2014-09-29,VIOLATION PROCESSING CTR VANCOUVER BC,20.0,SEP,2014,29,VANCOUVER
2014-09-30,IMPARK00010123U 877-909-6199 BC,5.0,SEP,2014,30,Unknown
2014-09-30,SIMON FRASER UNIVERSITY BURNABY BC,5.0,SEP,2014,30,BURNABY
2014-10-01,SFU PARKING SERVICES BURNABY BC,209.63,OCT,2014,01,BURNABY
2014-10-01,SIMON FRASER UNIVERSITY BURNABY BC,5.0,OCT,2014,01,BURNABY
2014-10-03,SIMON FRASER UNIVERSITY BURNABY BC,5.0,OCT,2014,03,BURNABY
2014-10-03,PETROCAN-7890 CANADA WAY BURNABY BC,46.07,OCT,2014,03,BURNABY
2014-10-05,PETROCAN-5111 GRT MCCHONARICHMOND BC,2.49,OCT,2014,05,RICHMOND
2014-07-25,A&W #0396 NEW WESTMINSTBC,7.04,JUL,2014,25,NEW WESTMINSTER
2014-07-26,WAL-MART SUPERCENTER#5777NEW WESTMINSTBC,13.42,JUL,2014,26,NEW WESTMINSTER
2014-07-30,WAL-MART SUPERCENTER#5777NEW WESTMINSTBC,5.35,JUL,2014,30,NEW WESTMINSTER
2014-07-30,DONAIR TOWN IN SFU BURNABY BC,5.25,JUL,2014,30,BURNABY
2014-07-30,MCDONALD'S #40094 Q04 NEW WESTMINSTBC,1.5,JUL,2014,30,NEW WESTMINSTER
2014-08-01,SFSS FOOD & BEVERAGE BURNABY BC,4.99,AUG,2014,01,BURNABY
2014-08-03,MCDONALD'S #40094 Q04 NEW WESTMINSTBC,2.81,AUG,2014,03,NEW WESTMINSTER
2014-08-04,TACO DEL MAR N WESTMINSTERBC,5.87,AUG,2014,04,NEW WESTMINSTER
2014-08-07,ROGERS *694250366 888-764-3771 ON,118.19,AUG,2014,07,Unknown
2014-08-09,TELUS COMM. WEB EDMONTON AB,23.69,AUG,2014,09,Unknown
2014-08-11,STARBUCKS 09039 BURNABY BC,4.99,AUG,2014,11,BURNABY
2014-08-11,MCDONALD'S #40094 Q04 NEW WESTMINSTBC,2.1,AUG,2014,11,NEW WESTMINSTER
2014-08-11,PAPA JOHN'S PIZZA NEW WESTMINSTBC,8.39,AUG,2014,11,NEW WESTMINSTER
2014-08-12,WAL-MART SUPERCENTER#5777NEW WESTMINSTBC,178.6,AUG,2014,12,NEW WESTMINSTER
2014-12-27,WAL-MART SUPERCENTER#5777NEW WESTMINSTBC,3.41,DEC,2014,27,NEW WESTMINSTER
2014-12-27,WAL-MART SUPERCENTER#5777NEW WESTMINSTBC,3.36,DEC,2014,27,NEW WESTMINSTER
2014-12-28,WAL-MART SUPERCENTER#5777NEW WESTMINSTBC,7.53,DEC,2014,28,NEW WESTMINSTER
2014-12-29,FONG HOLDINGS LTD - AUTO BURNABY BC,7.5,DEC,2014,29,BURNABY
2014-12-29,WAL-MART SUPERCENTER#5777NEW WESTMINSTBC,174.72,DEC,2014,29,NEW WESTMINSTER
2014-12-29,ESSO 736 6TH AVENUE NEW WESTMINSTBC,42.37,DEC,2014,29,NEW WESTMINSTER
2014-12-31,PAPA JOHN'S PIZZA NEW NEW WESTMINSTBC,10.49,DEC,2014,31,NEW WESTMINSTER
2014-01-01,ESSO 736 6TH AVENUE NEW WESTMINSTBC,1.7,JAN,2014,01,NEW WESTMINSTER
2014-01-01,MCDONALD'S #40094 Q04 NEW WESTMINSTBC,3.01,JAN,2014,01,NEW WESTMINSTER
2014-01-01,ANNUAL FEE,39.0,JAN,2014,01,Unknown
2014-01-02,MCDONALD'S #40094 Q04 NEW WESTMINSTBC,2.91,JAN,2014,02,NEW WESTMINSTER
2014-01-03,WAL-MART SUPERCENTER#5777NEW WESTMINSTBC,2.49,JAN,2014,03,NEW WESTMINSTER
2014-01-03,WAL-MART SUPERCENTER#5777NEW WESTMINSTBC,24.19,JAN,2014,03,NEW WESTMINSTER
2014-01-03,TELUS COMM. WEB EDMONTON AB,22.4,JAN,2014,03,Unknown
2014-01-03,TELUS MOBILITY SCARBOROUGH ON,74.82,JAN,2014,03,Unknown
2014-01-04,WAL-MART SUPERCENTER#5777NEW WESTMINSTBC,12.1,JAN,2014,04,NEW WESTMINSTER
2014-10-28,MCDONALD'S #21433 Q04 N/WESTMINSTERBC,1.67,OCT,2014,28,NEW WESTMINSTER
2014-10-30,PETROCAN-7890 CANADA WAY BURNABY BC,50.0,OCT,2014,30,BURNABY
2014-10-30,MCDONALD'S #21433 Q04 N/WESTMINSTERBC,1.46,OCT,2014,30,NEW WESTMINSTER
2014-10-31,MCDONALD'S #21433 Q04 N/WESTMINSTERBC,1.46,OCT,2014,31,NEW WESTMINSTER
2014-11-01,MCDONALD'S #40094 Q04 NEW WESTMINSTBC,4.32,NOV,2014,01,NEW WESTMINSTER
2014-11-02,7 ELEVEN STORE #34525 NEW WESTMINSTBC,3.45,NOV,2014,02,TORONTO
2014-11-03,7 ELEVEN #37122 WESTMINST BC,3.15,NOV,2014,03,NEW WESTMINSTER
2014-11-04,MCDONALD'S #21433 Q04 N/WESTMINSTERBC,3.76,NOV,2014,04,NEW WESTMINSTER
2014-11-05,WAL-MART SUPERCENTER#5777NEW WESTMINSTBC,2.7,NOV,2014,05,NEW WESTMINSTER
2014-11-05,WAL-MART SUPERCENTER#5777NEW WESTMINSTBC,2.7,NOV,2014,05,NEW WESTMINSTER
2014-11-06,WAL-MART SUPERCENTER#5777NEW WESTMINSTBC,14.2,NOV,2014,06,NEW WESTMINSTER
2014-11-06,WAL-MART SUPERCENTER#5777NEW WESTMINSTBC,7.09,NOV,2014,06,NEW WESTMINSTER
2014-11-06,CHEVRON 8TH/MCBRIDE NEW WESTMINS BC,25.04,NOV,2014,06,NEW WESTMINSTER
2014-06-26,TIM HORTONS 3329 QPS NEW WESTMINSTBC,2.74,JUN,2014,26,NEW WESTMINSTER
2014-06-27,TIM HORTONS 3329 QPS NEW WESTMINSTBC,1.41,JUN,2014,27,NEW WESTMINSTER
2014-06-28,MCDONALD'S #40094 Q04 NEW WESTMINSTBC,1.5,JUN,2014,28,NEW WESTMINSTER
2014-07-01,MCDONALD'S #40094 Q04 NEW WESTMINSTBC,3.0,JUL,2014,01,NEW WESTMINSTER
2014-07-02,MCDONALD'S #40094 Q04 NEW WESTMINSTBC,3.0,JUL,2014,02,NEW WESTMINSTER
2014-07-02,MCDONALD'S #40094 Q04 NEW WESTMINSTBC,2.31,JUL,2014,02,NEW WESTMINSTER
2014-07-04,ROGERS *694250366 888-764-3771 ON,107.3,JUL,2014,04,Unknown
2014-07-04,SUBWAY 45023 BURNABY BC,5.25,JUL,2014,04,BURNABY
2014-07-05,MCDONALD'S #40094 Q04 NEW WESTMINSTBC,4.32,JUL,2014,05,NEW WESTMINSTER
2014-07-06,MCDONALD'S #40094 Q04 NEW WESTMINSTBC,4.5,JUL,2014,06,NEW WESTMINSTER
2014-07-12,WAL-MART SUPERCENTER#5777NEW WESTMINSTBC,5.35,JUL,2014,12,NEW WESTMINSTER
2014-07-13,MCDONALD'S #40094 Q04 NEW WESTMINSTBC,6.01,JUL,2014,13,NEW WESTMINSTER
2015-08-26,ESSO 736 6TH AVENUE NEW WESTMINSTBC,40.0,AUG,2015,26,NEW WESTMINSTER
2015-08-26,MCDONALD'S #40094 NEW WESTMINSTBC,5.27,AUG,2015,26,NEW WESTMINSTER
2015-08-26,MCDONALD'S #40094 NEW WESTMINSTBC,1.05,AUG,2015,26,NEW WESTMINSTER
2015-08-27,FAMOUS PLAYER 1412QPS COQUITLAM BC,6.13,AUG,2015,27,COQUITLAM
2015-08-27,FAMOUS PLAYER 1412QPS COQUITLAM BC,5.85,AUG,2015,27,COQUITLAM
2015-08-27,ANYTIME FITNESS NEW WESTMINSTBC,2.5,AUG,2015,27,NEW WESTMINSTER
2015-08-27,KFC/TB SURREY CENTRE SURREY BC,7.65,AUG,2015,27,SURREY
2015-08-28,UNDER ARMOUR VANCOUVER RICHMOND BC,78.39,AUG,2015,28,VANCOUVER
2015-08-28,INDIAN WOK RESTAURANT BURNABY BC,17.76,AUG,2015,28,BURNABY
2015-08-29,SUSHI OYAMA BURNABY BC,13.76,AUG,2015,29,BURNABY
2015-08-29,MCDONALD'S #40094 NEW WESTMINSTBC,1.41,AUG,2015,29,NEW WESTMINSTER
2015-08-29,MCDONALD'S #40094 NEW WESTMINSTBC,2.91,AUG,2015,29,NEW WESTMINSTER
2015-08-29,A&W #0396 NEW WESTMINSTBC,4.2,AUG,2015,29,NEW WESTMINSTER
2015-08-30,DAIRY QUEEN #26966 NEW WESTMINSTBC,4.19,AUG,2015,30,NEW WESTMINSTER
2015-08-30,FRESH SLICE PIZZA NEW WESTMINSTBC,4.0,AUG,2015,30,NEW WESTMINSTER
2015-09-01,WAL-MART SUPERCENTER#5777NEW WESTMINSTBC,20.13,SEP,2015,01,NEW WESTMINSTER
2015-09-01,WAL-MART SUPERCENTER#5777NEW WESTMINSTBC,0.9,SEP,2015,01,NEW WESTMINSTER
2015-09-01,A&W #0396 NEW WESTMINSTBC,4.2,SEP,2015,01,NEW WESTMINSTER
2015-09-01,MCDONALD'S #40094 NEW WESTMINSTBC,4.5,SEP,2015,01,NEW WESTMINSTER
2015-09-02,HI DOZO JAPANESE RESTAURANEW WESTMINSTBC,4.15,SEP,2015,02,NEW WESTMINSTER
2015-09-02,VANCOUVER AIRPORT PARK RICHMOND BC,8.0,SEP,2015,02,VANCOUVER
2015-09-02,ESSO 3965 NORTH ROAD BURNABY BC,40.0,SEP,2015,02,NORTH VANCOUVER
2015-09-03,MCDONALD'S #40094 NEW WESTMINSTBC,5.76,SEP,2015,03,NEW WESTMINSTER
2015-09-03,MCDONALD'S #40094 NEW WESTMINSTBC,1.56,SEP,2015,03,NEW WESTMINSTER
2015-09-04,MCDONALD'S #40094 NEW WESTMINSTBC,4.6,SEP,2015,04,NEW WESTMINSTER
2015-09-04,A&W #0396 NEW WESTMINSTBC,2.1,SEP,2015,04,NEW WESTMINSTER
2015-09-04,A&W #0709 VANCOUVER BC,4.73,SEP,2015,04,VANCOUVER
2015-09-05,MCDONALD'S #40094 NEW WESTMINSTBC,5.24,SEP,2015,05,NEW WESTMINSTER
2015-09-05,MCDONALD'S #40094 NEW WESTMINSTBC,1.56,SEP,2015,05,NEW WESTMINSTER
2015-09-05,WAL-MART SUPERCENTER#5777NEW WESTMINSTBC,0.9,SEP,2015,05,NEW WESTMINSTER
2015-09-05,WAL-MART SUPERCENTER#5777NEW WESTMINSTBC,7.53,SEP,2015,05,NEW WESTMINSTER
2015-09-06,WAL-MART SUPERCENTER#5777NEW WESTMINSTBC,1.8,SEP,2015,06,NEW WESTMINSTER
2015-09-06,WAL-MART SUPERCENTER#5777NEW WESTMINSTBC,0.9,SEP,2015,06,NEW WESTMINSTER
2015-09-06,MCDONALD'S #40094 NEW WESTMINSTBC,1.56,SEP,2015,06,NEW WESTMINSTER
2015-02-26,SHELL 4505 CANADA WAY BURNABY BC,20.0,FEB,2015,26,BURNABY
2015-02-27,MCDONALD'S #21433 Q04 N/WESTMINSTERBC,0.53,FEB,2015,27,NEW WESTMINSTER
2015-02-28,WAL-MART SUPERCENTER#5777NEW WESTMINSTBC,5.05,FEB,2015,28,NEW WESTMINSTER
2015-02-28,MCDONALD'S #40094 Q04 NEW WESTMINSTBC,0.53,FEB,2015,28,NEW WESTMINSTER
2015-02-28,MCDONALD'S #40094 Q04 NEW WESTMINSTBC,4.5,FEB,2015,28,NEW WESTMINSTER
2015-02-28,VANCOUVER AIRPORT PARK RICHMOND BC,8.0,FEB,2015,28,VANCOUVER
2015-03-01,WAL-MART SUPERCENTER#5777NEW WESTMINSTBC,7.06,MAR,2015,01,NEW WESTMINSTER
2015-03-01,ESSO 736 6TH AVENUE NEW WESTMINSTBC,20.0,MAR,2015,01,NEW WESTMINSTER
2015-03-01,MCDONALD'S #40094 Q04 NEW WESTMINSTBC,4.5,MAR,2015,01,NEW WESTMINSTER
2015-03-03,ESSO 736 6TH AVENUE NEW WESTMINSTBC,40.0,MAR,2015,03,NEW WESTMINSTER
2015-03-04,STARBUCKS CAD EGIFT 8778501977 ME,10.0,MAR,2015,04,Unknown
2015-03-07,WAL-MART SUPERCENTER#5777NEW WESTMINSTBC,2.77,MAR,2015,07,NEW WESTMINSTER
2015-03-07,WAL-MART SUPERCENTER#5777NEW WESTMINSTBC,25.94,MAR,2015,07,NEW WESTMINSTER
2015-03-07,FONG HOLDINGS LTD - AUTO BURNABY BC,7.0,MAR,2015,07,BURNABY
2015-03-07,MCDONALD'S #40094 Q04 NEW WESTMINSTBC,6.1,MAR,2015,07,NEW WESTMINSTER
2015-07-25,WAL-MART SUPERCENTER#5777NEW WESTMINSTBC,3.33,JUL,2015,25,NEW WESTMINSTER
2015-07-25,WAL-MART SUPERCENTER#5777NEW WESTMINSTBC,7.53,JUL,2015,25,NEW WESTMINSTER
2015-07-25,WAL-MART SUPERCENTER#5777NEW WESTMINSTBC,0.81,JUL,2015,25,NEW WESTMINSTER
2015-07-26,SHOPPERS DRUG MART #0279 NEW WESTMINSTBC,23.09,JUL,2015,26,NEW WESTMINSTER
2015-07-27,SIMON FRASER UNIVERSITY BURNABY BC,5.0,JUL,2015,27,BURNABY
2015-07-28,SUBWAY 45023 BURNABY BC,5.25,JUL,2015,28,BURNABY
2015-07-28,HI DOZO JAPANESE RESTAURANEW WESTMINSTBC,7.82,JUL,2015,28,NEW WESTMINSTER
2015-07-28,SFU STARBUCKS BURNABY BC,2.0,JUL,2015,28,BURNABY
2015-07-28,WAL-MART SUPERCENTER#5777NEW WESTMINSTBC,1.01,JUL,2015,28,NEW WESTMINSTER
2015-07-29,G&J FOOD BURNABY BC,6.3,JUL,2015,29,BURNABY
2015-07-29,WAL-MART SUPERCENTER#5777NEW WESTMINSTBC,8.02,JUL,2015,29,NEW WESTMINSTER
2015-07-29,SIMON FRASER UNIVERSITY BURNABY BC,5.0,JUL,2015,29,BURNABY
2015-08-01,WAL-MART SUPERCENTER#5777NEW WESTMINSTBC,51.99,AUG,2015,01,NEW WESTMINSTER
2015-08-01,MCDONALD'S #40094 NEW WESTMINSTBC,4.5,AUG,2015,01,NEW WESTMINSTER
2015-08-02,WAL-MART SUPERCENTER#5777NEW WESTMINSTBC,22.5,AUG,2015,02,NEW WESTMINSTER
2015-08-02,WAL-MART SUPERCENTER#5777NEW WESTMINSTBC,29.21,AUG,2015,02,NEW WESTMINSTER
2015-08-02,MCDONALD'S #40094 NEW WESTMINSTBC,4.5,AUG,2015,02,NEW WESTMINSTER
2015-08-03,NANDO'S QUEENSBOROUGH NEW WESTMINSTBC,7.56,AUG,2015,03,NEW WESTMINSTER
2015-08-03,AGNES BARBER & HAIR STYLIN WESTMINSTERBC,12.5,AUG,2015,03,NEW WESTMINSTER
2015-08-03,IMPARK00012298U NEW WESTMINSTBC,2.0,AUG,2015,03,NEW WESTMINSTER
2015-08-04,7-ELEVEN STORE #25164 VANCOUVER BC,4.47,AUG,2015,04,TORONTO
2015-08-04,PETROCAN-7282 KNIGHT ST. VANCOUVER BC,40.0,AUG,2015,04,VANCOUVER
2015-08-04,SFU PARKING SERVICES BURNABY BC,60.0,AUG,2015,04,BURNABY
2015-08-04,SFU PARKING SERVICES BURNABY BC,69.88,AUG,2015,04,BURNABY
2015-08-06,SFU BOOKSTORE BURNABY BURNABY BC,11.2,AUG,2015,06,TORONTO
2015-08-06,SASHIMI SUSHI BURNABY BC,6.2,AUG,2015,06,BURNABY
2015-08-07,G&J FOOD BURNABY BC,6.3,AUG,2015,07,BURNABY
2015-08-08,MCDONALD'S #25022 Q04 VANCOUVER BC,6.78,AUG,2015,08,VANCOUVER
2015-08-08,MCDONALD'S #40094 NEW WESTMINSTBC,1.41,AUG,2015,08,NEW WESTMINSTER
2015-08-09,WAL-MART SUPERCENTER#5777NEW WESTMINSTBC,22.18,AUG,2015,09,NEW WESTMINSTER
2015-08-09,WAL-MART SUPERCENTER#5777NEW WESTMINSTBC,126.0,AUG,2015,09,NEW WESTMINSTER
2015-01-25,WAL-MART SUPERCENTER#5777NEW WESTMINSTBC,14.74,JAN,2015,25,NEW WESTMINSTER
2015-01-27,SFU STARBUCKS BURNABY BC,2.0,JAN,2015,27,BURNABY
2015-01-27,SFU STARBUCKS BURNABY BC,2.0,JAN,2015,27,BURNABY
2015-01-28,WAL-MART SUPERCENTER#5777NEW WESTMINSTBC,7.02,JAN,2015,28,NEW WESTMINSTER
2015-01-28,ESSO 736 6TH AVENUE NEW WESTMINSTBC,8.59,JAN,2015,28,NEW WESTMINSTER
2015-01-28,ESSO 736 6TH AVENUE NEW WESTMINSTBC,38.12,JAN,2015,28,NEW WESTMINSTER
2015-01-28,MCDONALD'S #21433 Q04 N/WESTMINSTERBC,1.77,JAN,2015,28,NEW WESTMINSTER
2015-01-29,SFU STARBUCKS BURNABY BC,2.0,JAN,2015,29,BURNABY
2015-01-29,SFU STARBUCKS BURNABY BC,2.0,JAN,2015,29,BURNABY
2015-01-31,WAL-MART SUPERCENTER#5777NEW WESTMINSTBC,7.84,JAN,2015,31,NEW WESTMINSTER
2015-02-02,SFU STARBUCKS BURNABY BC,2.0,FEB,2015,02,BURNABY
2015-02-02,GAWON KOREAN RESTAURANT BURNABY BC,7.35,FEB,2015,02,BURNABY
2015-02-03,SUBWAY 45023 BURNABY BC,5.25,FEB,2015,03,BURNABY
2015-02-03,SFU STARBUCKS BURNABY BC,2.0,FEB,2015,03,BURNABY
2015-02-04,GAWON KOREAN RESTAURANT BURNABY BC,7.35,FEB,2015,04,BURNABY
2015-02-05,SUBWAY 45023 BURNABY BC,5.25,FEB,2015,05,BURNABY
2015-06-25,A&W #0711 NEW WESTMINSTBC,4.2,JUN,2015,25,NEW WESTMINSTER
2015-06-26,A&W #0711 NEW WESTMINSTBC,3.68,JUN,2015,26,NEW WESTMINSTER
2015-06-26,G&J FOOD BURNABY BC,5.25,JUN,2015,26,BURNABY
2015-06-26,WAL-MART SUPERCENTER#5777NEW WESTMINSTBC,32.66,JUN,2015,26,NEW WESTMINSTER
2015-06-27,WAL-MART SUPERCENTER#5777NEW WESTMINSTBC,2.67,JUN,2015,27,NEW WESTMINSTER
2015-06-27,URBAN PLANET 1386 BURNABY BC,1.17,JUN,2015,27,BURNABY
2015-06-27,TIM HORTONS 2757 QTH NEW WESTMINSTBC,2.85,JUN,2015,27,NEW WESTMINSTER
2015-06-28,THE KEG DUNSMUIR VANCOUVER BC,23.28,JUN,2015,28,VANCOUVER
2015-06-28,TRANSLINK FARE PURCHAS N WESTMINSTERBC,2.75,JUN,2015,28,NEW WESTMINSTER
2015-06-28,A&W #0396 NEW WESTMINSTBC,4.2,JUN,2015,28,NEW WESTMINSTER
2015-06-28,MCDONALD'S #1449 Q04 COQUITLAM BC,2.09,JUN,2015,28,COQUITLAM
2015-06-29,CHARTWELLSSFURAVEQPS BURNABY BC,2.85,JUN,2015,29,BURNABY
2015-06-29,TRANSLINK FARE PURCHAS N WESTMINSTERBC,2.75,JUN,2015,29,NEW WESTMINSTER
2015-06-29,G&J FOOD BURNABY BC,5.25,JUN,2015,29,BURNABY
2015-06-29,WAL-MART SUPERCENTER#5777NEW WESTMINSTBC,31.3,JUN,2015,29,NEW WESTMINSTER
2015-06-30,KOYA JAPAN BURNABY BC,7.76,JUN,2015,30,BURNABY
2015-07-01,ESSO 736 6TH AVENUE NEW WESTMINSTBC,40.0,JUL,2015,01,NEW WESTMINSTER
2015-07-01,MCDONALD'S #40094 NEW WESTMINSTBC,2.1,JUL,2015,01,NEW WESTMINSTER
2015-07-02,TIM HORTONS #2257 NEWWESTMINSTEBC,2.72,JUL,2015,02,NEW WESTMINSTER
2015-07-02,MCDONALD'S #21433 NEW WESTMINSTBC,1.05,JUL,2015,02,NEW WESTMINSTER
2015-07-03,DESI TURKA INDIAN CUISINEBURNABY BC,18.84,JUL,2015,03,BURNABY
2015-07-03,G&J FOOD BURNABY BC,6.3,JUL,2015,03,BURNABY
2015-07-03,MCDONALD'S #21433 NEW WESTMINSTBC,1.05,JUL,2015,03,NEW WESTMINSTER
2015-07-04,WAL-MART SUPERCENTER#5777NEW WESTMINSTBC,2.46,JUL,2015,04,NEW WESTMINSTER
2015-07-04,WAL-MART SUPERCENTER#5777NEW WESTMINSTBC,19.61,JUL,2015,04,NEW WESTMINSTER
2015-07-05,WALMART PORTRAITS25777 NEW WESTMINSTBC,27.99,JUL,2015,05,NEW WESTMINSTER
2015-07-05,WAL-MART SUPERCENTER#5777NEW WESTMINSTBC,5.82,JUL,2015,05,NEW WESTMINSTER
2015-07-05,WAL-MART SUPERCENTER#5777NEW WESTMINSTBC,11.65,JUL,2015,05,NEW WESTMINSTER
2015-07-06,G&J FOOD BURNABY BC,6.3,JUL,2015,06,BURNABY
2015-07-06,MCDONALD'S #21433 NEW WESTMINSTBC,1.05,JUL,2015,06,NEW WESTMINSTER
2015-07-07,CITY OF NEW WESTMINSTE 604-527-4646 BC,25.0,JUL,2015,07,NEW WESTMINSTER
2015-07-07,G&J FOOD BURNABY BC,6.3,JUL,2015,07,BURNABY
2015-07-07,MCDONALD'S #21433 NEW WESTMINSTBC,1.05,JUL,2015,07,NEW WESTMINSTER
2015-07-08,SAVE ON FOODS #919 NEW WESTMINSTBC,7.2,JUL,2015,08,NEW WESTMINSTER
2015-09-26,WAL-MART SUPERCENTER#5777NEW WESTMINSTBC,93.79,SEP,2015,26,NEW WESTMINSTER
2015-09-26,WAL-MART SUPERCENTER#5777NEW WESTMINSTBC,15.3,SEP,2015,26,NEW WESTMINSTER
2015-09-27,WAL-MART SUPERCENTER#3008BURNABY BC,8.77,SEP,2015,27,BURNABY
2015-09-28,APL* ITUNES.COM/BILL 800-676-2775 ON,2.56,SEP,2015,28,Unknown
2015-09-28,MCDONALD'S #21433 NEW WESTMINSTBC,1.88,SEP,2015,28,NEW WESTMINSTER
2015-09-29,ESSO 3965 NORTH ROAD BURNABY BC,40.0,SEP,2015,29,NORTH VANCOUVER
2015-09-29,MCDONALD'S #40094 NEW WESTMINSTBC,4.03,SEP,2015,29,NEW WESTMINSTER
2015-09-30,SHOPPERS DRUG MART #0279 NEW WESTMINSTBC,2.95,SEP,2015,30,NEW WESTMINSTER
2015-10-01,MCDONALD'S #21433 NEW WESTMINSTBC,1.88,OCT,2015,01,NEW WESTMINSTER
2015-10-02,SFU BOOKSTORE BURNABY BURNABY BC,50.97,OCT,2015,02,TORONTO
2015-10-02,MCDONALD'S #21433 NEW WESTMINSTBC,1.88,OCT,2015,02,NEW WESTMINSTER
2015-10-03,WAL-MART SUPERCENTER#5777NEW WESTMINSTBC,1.93,OCT,2015,03,NEW WESTMINSTER
2015-10-03,WAL-MART SUPERCENTER#5777NEW WESTMINSTBC,10.65,OCT,2015,03,NEW WESTMINSTER
2015-10-03,MCDONALD'S #40094 NEW WESTMINSTBC,4.5,OCT,2015,03,NEW WESTMINSTER
2015-11-01,STARBUCKS 00181 N WESTMINSTERBC,4.46,NOV,2015,01,NEW WESTMINSTER
2015-11-02,TIM HORTONS #2257 WESTMINSTER BC,2.15,NOV,2015,02,NEW WESTMINSTER
2015-11-02,SFU STARBUCKS BURNABY BC,2.0,NOV,2015,02,BURNABY
2015-11-02,ESSO 3965 NORTH ROAD BURNABY BC,20.0,NOV,2015,02,NORTH VANCOUVER
2015-11-02,MCDONALD'S #14908 BURNABY BC,5.53,NOV,2015,02,BURNABY
2015-11-02,MCDONALD'S #40255 NEW WESTMINSTBC,1.88,NOV,2015,02,NEW WESTMINSTER
2015-11-03,TIM HORTONS #2257 WESTMINSTER BC,2.01,NOV,2015,03,NEW WESTMINSTER
2015-11-03,MCDONALD'S #14908 BURNABY BC,5.01,NOV,2015,03,BURNABY
2015-11-04,CHARTWELLS - #67358 BURNABY BC,2.36,NOV,2015,04,BURNABY
2015-11-04,CHARTWELLS - #67358 BURNABY BC,2.0,NOV,2015,04,BURNABY
2015-11-04,CHARTWELLS - #67358 BURNABY BC,2.0,NOV,2015,04,BURNABY
2015-11-04,QUESADA BURRITOS AND TACOBURNABY BC,7.02,NOV,2015,04,BURNABY
2015-11-04,ESSO 3965 NORTH ROAD BURNABY BC,20.0,NOV,2015,04,NORTH VANCOUVER
2015-11-05,CHARTWELLSSFURAVEQPS BURNABY BC,2.09,NOV,2015,05,BURNABY
2015-11-05,CHARTWELLS - #67358 BURNABY BC,2.0,NOV,2015,05,BURNABY
2015-11-05,MCDONALD'S #40255 NEW WESTMINSTBC,4.8,NOV,2015,05,NEW WESTMINSTER
2015-11-06,CHARTWELLS - #67358 BURNABY BC,2.0,NOV,2015,06,BURNABY
2015-11-06,CHARTWELLS - #67358 BURNABY BC,2.0,NOV,2015,06,BURNABY
2015-11-06,SFU BOOKSTORE BURNABY BURNABY BC,11.2,NOV,2015,06,TORONTO
2015-11-07,DADDYS DELIGHT PIZZA RICHMOND BC,9.5,NOV,2015,07,RICHMOND
2015-11-07,BC LIQUOR #097 NEW WESTMINSTBC,58.74,NOV,2015,07,NEW WESTMINSTER
2015-11-08,WAL-MART SUPERCENTER#5777NEW WESTMINSTBC,3.97,NOV,2015,08,NEW WESTMINSTER
2015-11-08,ESSO 3965 NORTH ROAD BURNABY BC,40.0,NOV,2015,08,NORTH VANCOUVER
2015-11-08,MCDONALD'S #40094 NEW WESTMINSTBC,3.77,NOV,2015,08,NEW WESTMINSTER
2015-11-09,CHARTWELLS - #67358 BURNABY BC,2.0,NOV,2015,09,BURNABY
2015-11-09,TIM HORTONS #2257 WESTMINSTER BC,2.51,NOV,2015,09,NEW WESTMINSTER
2015-11-09,WAL-MART SUPERCENTER#5777NEW WESTMINSTBC,38.25,NOV,2015,09,NEW WESTMINSTER
2015-11-09,STARBUCKS SFU 67355 BURNABY BC,2.0,NOV,2015,09,BURNABY
2015-11-09,MCDONALD'S #40094 NEW WESTMINSTBC,4.5,NOV,2015,09,NEW WESTMINSTER
2015-11-10,PIZZA HUT #31105 NEW WESTMINSTBC,20.95,NOV,2015,10,NEW WESTMINSTER
2015-11-10,SHELL 5 8 AVE NEW WESTMINSTBC,50.0,NOV,2015,10,NEW WESTMINSTER
2015-11-11,A&W #0396 NEW WESTMINSTBC,4.2,NOV,2015,11,NEW WESTMINSTER
2015-11-11,GNC #04282 NEW WESTMINSTBC,46.19,NOV,2015,11,NEW WESTMINSTER
2015-11-11,WAL-MART SUPERCENTER#5777NEW WESTMINSTBC,1.0,NOV,2015,11,NEW WESTMINSTER
2015-11-13,CHARTWELLSSFURAVEQPS BURNABY BC,2.09,NOV,2015,13,BURNABY
2015-11-13,MONEY'S BEAUTY HAIR SA BURNABY BC,5.25,NOV,2015,13,BURNABY
2015-11-14,A&W #0709 VANCOUVER BC,4.73,NOV,2015,14,VANCOUVER
2015-12-07,PIZZA HUT BURNABY BC,13.65,DEC,2015,07,BURNABY
2015-12-08,STARBUCKS SFU 67355 BURNABY BC,2.0,DEC,2015,08,BURNABY
2015-12-08,STARBUCKS SFU 67355 BURNABY BC,2.0,DEC,2015,08,BURNABY
2015-12-09,SUSHI CALIFORNIA COQUITLAM BC,2.52,DEC,2015,09,COQUITLAM
2015-12-09,WAL-MART SUPERCENTER#3057VANCOUVER BC,1.08,DEC,2015,09,VANCOUVER
2015-12-09,A&W RESTAURANT 0744 NORTH VANCOUVBC,4.73,DEC,2015,09,NORTH VANCOUVER
2015-12-09,CHEVRON 7009 E HASTINGS BURNABY BC,30.78,DEC,2015,09,BURNABY
2015-12-10,NESTERS MARKET #80063 BURNABY BC,14.99,DEC,2015,10,BURNABY
2015-12-10,STARBUCKS SFU 67355 BURNABY BC,2.0,DEC,2015,10,BURNABY
2015-12-10,MCDONALD'S #12135 Q04 COQUITLAM BC,8.36,DEC,2015,10,COQUITLAM
2015-12-11,DENNY'S 03-089 COQUITL COQUITLAM BC,17.7,DEC,2015,11,COQUITLAM
2015-12-11,WAL-MART SUPERCENTER#3057VANCOUVER BC,2.87,DEC,2015,11,VANCOUVER
2015-12-12,WAL-MART SUPERCENTER#3057VANCOUVER BC,8.62,DEC,2015,12,VANCOUVER
2015-12-12,APL* ITUNES.COM/BILL 800-676-2775 ON,1.33,DEC,2015,12,Unknown
2015-12-12,PINE SUSHI SQUARE NORTH VANCOUVBC,9.16,DEC,2015,12,NORTH VANCOUVER
2015-12-13,ESSO 3965 NORTH ROAD BURNABY BC,40.0,DEC,2015,13,NORTH VANCOUVER
2015-12-13,MCDONALD'S #1449 Q04 COQUITLAM BC,1.46,DEC,2015,13,COQUITLAM
2015-12-14,CHARTWELLSSFUWHITQPS BURNABY BC,5.24,DEC,2015,14,BURNABY
2015-12-16,STARBUCKS SFU 67355 BURNABY BC,2.0,DEC,2015,16,BURNABY
2015-12-16,RYL COLUMBIAN HOSP QPS NEW WESTMINSTBC,5.13,DEC,2015,16,NEW WESTMINSTER
2015-12-16,WAL-MART SUPERCENTER#3057VANCOUVER BC,2.1,DEC,2015,16,VANCOUVER
2015-12-16,WAL-MART SUPERCENTER#3057VANCOUVER BC,14.71,DEC,2015,16,VANCOUVER
2015-12-17,WAL-MART SUPERCENTER#1192NEW WESTMINSTBC,8.62,DEC,2015,17,NEW WESTMINSTER
2015-12-17,WAL-MART SUPERCENTER#5777NEW WESTMINSTBC,22.4,DEC,2015,17,NEW WESTMINSTER
2015-12-17,MCDONALD'S #21433 NEW WESTMINSTBC,9.5,DEC,2015,17,NEW WESTMINSTER
2015-12-18,CINEPLEX ENTERTAINMENT 416-323-6600 ON,17.5,DEC,2015,18,Unknown
2015-12-18,QUESADA BURRITOS AND TACOBURNABY BC,7.02,DEC,2015,18,BURNABY
2015-12-18,MCDONALD'S #14910 Q04 NORTH VANCOUVBC,2.91,DEC,2015,18,NORTH VANCOUVER
2015-12-18,CHEVRON 7009 E HASTINGS BURNABY BC,46.44,DEC,2015,18,BURNABY
2015-12-19,THE CRISPY COD NORTH VANCOUVBC,4.2,DEC,2015,19,NORTH VANCOUVER
2015-12-19,DENNY'S 03-089 COQUITL COQUITLAM BC,13.84,DEC,2015,19,COQUITLAM
2015-12-20,MCDONALD'S #14910 Q04 NORTH VANCOUVBC,25.0,DEC,2015,20,NORTH VANCOUVER
2015-12-20,MCDONALD'S #14910 Q04 NORTH VANCOUVBC,3.0,DEC,2015,20,NORTH VANCOUVER
2015-12-20,PINE SUSHI SQUARE NORTH VANCOUVBC,9.81,DEC,2015,20,NORTH VANCOUVER
2015-12-21,TELUS MOBILITY SCARBOROUGH ON,255.39,DEC,2015,21,Unknown
2015-12-21,WAL-MART SUPERCENTER#3057VANCOUVER BC,1.08,DEC,2015,21,VANCOUVER
2016-11-28,TIM HORTONS - FOREST VANCOUVER BC,5.61,NOV,2016,28,VANCOUVER
2016-11-28,MCDONALD'S #21433 NEW WESTMINSTBC,1.25,NOV,2016,28,NEW WESTMINSTER
2016-11-29,STARBUCKS 04526 VANCOUVER BC,0.2,NOV,2016,29,VANCOUVER
2016-11-29,STARBUCKS 04526 VANCOUVER BC,5.2,NOV,2016,29,VANCOUVER
2016-11-29,TIM HORTONS - FOREST VANCOUVER BC,4.61,NOV,2016,29,VANCOUVER
2016-11-29,CHEVRON 1720 NANAIMO ST VANCOUVER BC,50.09,NOV,2016,29,VANCOUVER
2016-12-02,DENNY'S 03-087 VANCOUV VANCOUVER BC,10.73,DEC,2016,02,VANCOUVER
2016-12-04,7 ELEVEN STORE #14850 COQUITLAM BC,5.8,DEC,2016,04,TORONTO
2016-12-04,PIZZA HUT BURNABY BC,12.86,DEC,2016,04,BURNABY
2016-12-06,RUNNING CHICKEN VANCOUVER BC,10.0,DEC,2016,06,VANCOUVER
2016-12-06,UPPER CASE VANCOUVER BC,4.95,DEC,2016,06,VANCOUVER
2016-12-07,CHEVRON 3 EAST EIGHTH AV NEW WESTMINSTBC,50.0,DEC,2016,07,NEW WESTMINSTER
2016-12-07,BAMBOO GARDEN CHINESE RESBURNABY BC,9.44,DEC,2016,07,BURNABY
2016-12-08,G&J FOOD LTD. RICHMOND BC,9.3,DEC,2016,08,RICHMOND
2016-12-09,NESTERS MARKET #80063 BURNABY BC,12.81,DEC,2016,09,BURNABY
2016-12-09,CHEVRON 3 EAST EIGHTH AV NEW WESTMINSTBC,10.03,DEC,2016,09,NEW WESTMINSTER
2016-01-26,STARBUCKS 00137 N WESTMINSTERBC,2.0,JAN,2016,26,NEW WESTMINSTER
2016-01-26,PIZZA HUT #31105 NEW WESTMINSTBC,10.5,JAN,2016,26,NEW WESTMINSTER
2016-01-26,SHELL 4191 NORTH RD BURNABY BC,40.75,JAN,2016,26,NORTH VANCOUVER
2016-01-27,CHARTWELLSSFUMACKQPS BURNABY BC,5.24,JAN,2016,27,BURNABY
2016-01-27,BAY SUSHI CAFE LTD VANCOUVER BC,11.81,JAN,2016,27,VANCOUVER
2016-01-27,BELL MOBILITY VERDUN QC,160.83,JAN,2016,27,Unknown
2016-01-28,PLAYSTATION SONYENTERT 800-345-7669 ON,49.98,JAN,2016,28,Unknown
2016-01-28,WAL-MART SUPERCENTER#3057VANCOUVER BC,7.58,JAN,2016,28,VANCOUVER
2016-01-28,WAL-MART SUPERCENTER#3057VANCOUVER BC,2.98,JAN,2016,28,VANCOUVER
2016-01-28,PINE SUSHI SQUARE NORTH VANCOUVBC,9.95,JAN,2016,28,NORTH VANCOUVER
2016-01-28,SIMON FRASER UNIVERSITY BURNABY BC,5.0,JAN,2016,28,BURNABY
2016-01-29,CHARTWELLSSFURAVEQPS BURNABY BC,5.24,JAN,2016,29,BURNABY
2016-01-29,PINE SUSHI SQUARE NORTH VANCOUVBC,9.95,JAN,2016,29,NORTH VANCOUVER
2016-01-29,MICROSOFT *XBOXLIVE MISSISSAUGA ON,11.19,JAN,2016,29,Unknown
2016-01-30,MCDONALD'S #21433 NEW WESTMINSTBC,1.88,JAN,2016,30,NEW WESTMINSTER
2016-01-31,WAL-MART SUPERCENTER#3057VANCOUVER BC,5.47,JAN,2016,31,VANCOUVER
2016-01-31,WAL-MART SUPERCENTER#3057VANCOUVER BC,17.78,JAN,2016,31,VANCOUVER
2016-01-31,MCDONALD'S #14910 Q04 NORTH VANCOUVBC,1.62,JAN,2016,31,NORTH VANCOUVER
2016-01-31,PINE SUSHI SQUARE NORTH VANCOUVBC,9.95,JAN,2016,31,NORTH VANCOUVER
2016-01-31,A&W CAPILANO MALL NORTH VANCOUVBC,2.63,JAN,2016,31,NORTH VANCOUVER
2016-02-01,MCDONALD'S #21433 NEW WESTMINSTBC,1.88,FEB,2016,01,NEW WESTMINSTER
2016-02-01,SIMON FRASER UNIVERSITY BURNABY BC,5.0,FEB,2016,01,BURNABY
2016-02-02,PLAYSTATION SONYENTERT 800-345-7669 ON,14.99,FEB,2016,02,Unknown
2016-02-02,GUADALUPE RESTAURANTS BURNABY BC,9.19,FEB,2016,02,BURNABY
2016-02-02,CHARTWELLSSFURAVEQPS BURNABY BC,2.3,FEB,2016,02,BURNABY
2016-02-02,MCDONALD'S #21433 NEW WESTMINSTBC,1.88,FEB,2016,02,NEW WESTMINSTER
2016-02-02,SIMON FRASER UNIVERSITY BURNABY BC,5.0,FEB,2016,02,BURNABY
2016-02-03,SAFEWAY #4917 NEW WESTMINSTBC,5.81,FEB,2016,03,NEW WESTMINSTER
2016-02-03,RENAISSANCE CAFE BURNABY BC,2.3,FEB,2016,03,SAN FRANSCISCO
2016-02-03,CHEVRON 3 EAST EIGHTH AV NEW WESTMINSTBC,10.4,FEB,2016,03,NEW WESTMINSTER
2016-02-04,SUSHI CALIFORNIA COQUITLAM BC,20.95,FEB,2016,04,COQUITLAM
2016-02-04,SIMON FRASER UNIVERSITY BURNABY BC,5.0,FEB,2016,04,BURNABY
2016-02-04,SIMON FRASER UNIVERSITY BURNABY BC,5.0,FEB,2016,04,BURNABY
2016-02-05,KOYA JAPAN BURNABY BC,8.18,FEB,2016,05,BURNABY
2016-02-25,STARBUCKS SFU 67355 BURNABY BC,2.0,FEB,2016,25,BURNABY
2016-02-25,G&J FOOD BURNABY BC,8.4,FEB,2016,25,BURNABY
2016-02-26,FATBURGER LOUGHEED BURNABY BC,10.49,FEB,2016,26,BURNABY
2016-02-27,MCDONALD'S #14910 Q04 NORTH VANCOUVBC,3.0,FEB,2016,27,NORTH VANCOUVER
2016-02-27,MCDONALD'S #14910 Q04 NORTH VANCOUVBC,2.1,FEB,2016,27,NORTH VANCOUVER
2016-02-27,MCDONALD'S #14910 Q04 NORTH VANCOUVBC,4.29,FEB,2016,27,NORTH VANCOUVER
2016-02-28,MICROSOFT *XBOXLIVE MISSISSAUGA ON,11.19,FEB,2016,28,Unknown
2016-02-28,MCDONALD'S #14910 Q04 NORTH VANCOUVBC,2.1,FEB,2016,28,NORTH VANCOUVER
2016-02-28,PINE SUSHI SQUARE NORTH VANCOUVBC,8.96,FEB,2016,28,NORTH VANCOUVER
2016-02-29,L A SUSHI BURNABY BC,13.86,FEB,2016,29,BURNABY
2016-03-01,PLAYSTATION SONYENTERT 800-345-7669 ON,39.99,MAR,2016,01,Unknown
2016-03-02,G&J FOOD BURNABY BC,8.4,MAR,2016,02,BURNABY
2016-03-02,STARBUCKS SFU 67355 BURNABY BC,2.0,MAR,2016,02,BURNABY
2016-03-02,QUESADA BURRITOS AND TACOBURNABY BC,7.02,MAR,2016,02,BURNABY
2016-03-03,BOOSTERJUICE 117 LANGLEY BC,4.25,MAR,2016,03,Unknown
2016-03-04,OPA070-LANGLEY LANGLEY BC,10.28,MAR,2016,04,Unknown
2016-03-04,MCDONALD'S #14910 Q04 NORTH VANCOUVBC,2.1,MAR,2016,04,NORTH VANCOUVER
2016-03-04,SHELL 6511 HASTINGS ST BURNABY BC,20.0,MAR,2016,04,BURNABY
2016-03-05,SUSHI TOWN RESTAURANT NORTH VANCOUVBC,14.12,MAR,2016,05,NORTH VANCOUVER
2016-03-06,WAL-MART SUPERCENTER#3057VANCOUVER BC,1.08,MAR,2016,06,VANCOUVER
2016-03-06,SUSHI TOWN RESTAURANT NORTH VANCOUVBC,16.91,MAR,2016,06,NORTH VANCOUVER
2016-03-06,SUSHI TOWN RESTAURANT NORTH VANCOUVBC,11.45,MAR,2016,06,NORTH VANCOUVER
2016-03-06,ESSO 3965 NORTH ROAD BURNABY BC,40.0,MAR,2016,06,NORTH VANCOUVER
2016-03-08,SUSHI CALIFORNIA COQUITLAM BC,10.45,MAR,2016,08,COQUITLAM
2016-03-09,SUSHI CALIFORNIA COQUITLAM BC,10.45,MAR,2016,09,COQUITLAM
2016-03-12,WAL-MART SUPERCENTER#3057VANCOUVER BC,11.52,MAR,2016,12,VANCOUVER
2016-03-12,STARBUCKS SFU 67355 BURNABY BC,2.0,MAR,2016,12,BURNABY
2016-03-13,CHURCH'S CHICKEN VANCOUVER BC,6.05,MAR,2016,13,VANCOUVER
2016-03-13,PINE SUSHI SQUARE NORTH VANCOUVBC,7.16,MAR,2016,13,NORTH VANCOUVER
2016-03-14,KOYA JAPAN BURNABY BC,8.18,MAR,2016,14,BURNABY
2016-03-14,STARBUCKS SFU 67355 BURNABY BC,2.0,MAR,2016,14,BURNABY
2016-03-14,ESSO 3965 NORTH ROAD BURNABY BC,40.0,MAR,2016,14,NORTH VANCOUVER
2016-03-14,MCDONALD'S #1449 Q04 COQUITLAM BC,1.88,MAR,2016,14,COQUITLAM
2016-03-15,G&J FOOD BURNABY BC,8.4,MAR,2016,15,BURNABY
2016-03-15,PIZZA HUT BURNABY BC,13.64,MAR,2016,15,BURNABY
2016-03-17,SIMON FRASER UNIVERSITY BURNABY BC,5.0,MAR,2016,17,BURNABY
2016-03-17,SIMON FRASER UNIVERSITY BURNABY BC,5.0,MAR,2016,17,BURNABY
2016-03-18,SUSHI TOWN RESTAURANT NORTH VANCOUVBC,10.45,MAR,2016,18,NORTH VANCOUVER
2016-03-18,MCDONALD'S #21433 NEW WESTMINSTBC,6.39,MAR,2016,18,NEW WESTMINSTER
2016-03-18,STARBUCKS SFU 67355 BURNABY BC,2.0,MAR,2016,18,BURNABY
2016-03-19,WAL-MART SUPERCENTER#3057VANCOUVER BC,2.24,MAR,2016,19,VANCOUVER
2016-03-19,CHARTWELLS - #67358 BURNABY BC,2.0,MAR,2016,19,BURNABY
2016-03-19,TOMMY HILFIGER #0720 NEW WESTMINSTBC,54.49,MAR,2016,19,NEW WESTMINSTER
2016-03-19,MCDONALD'S #14910 Q04 NORTH VANCOUVBC,4.65,MAR,2016,19,NORTH VANCOUVER
2016-03-19,MCDONALD'S #14910 Q04 NORTH VANCOUVBC,2.1,MAR,2016,19,NORTH VANCOUVER
2016-03-20,WAL-MART SUPERCENTER#3057VANCOUVER BC,4.0,MAR,2016,20,VANCOUVER
2016-03-20,STARBUCKS 04440 N VANCOUVER BC,2.0,MAR,2016,20,VANCOUVER
2016-03-20,MCDONALD'S #14910 Q04 NORTH VANCOUVBC,1.88,MAR,2016,20,NORTH VANCOUVER
2016-03-20,PINE SUSHI SQUARE NORTH VANCOUVBC,9.87,MAR,2016,20,NORTH VANCOUVER
2016-03-20,MCDONALD'S #21433 NEW WESTMINSTBC,4.29,MAR,2016,20,NEW WESTMINSTER
2016-03-20,ESSO 3965 NORTH ROAD BURNABY BC,43.61,MAR,2016,20,NORTH VANCOUVER
2016-03-21,STARBUCKS SFU 67355 BURNABY BC,2.0,MAR,2016,21,BURNABY
2016-03-21,KOYA JAPAN BURNABY BC,9.85,MAR,2016,21,BURNABY
2016-09-02,FAMOUS PLAYER 1412QPS COQUITLAM BC,3.34,SEP,2016,02,COQUITLAM
2016-09-02,THRIFTY FOODS 9474 VANCOUVER BC,7.69,SEP,2016,02,VANCOUVER
2016-09-02,WAL-MART SUPERCENTER#3008BURNABY BC,0.98,SEP,2016,02,BURNABY
2016-09-02,ESSO 3965 NORTH ROAD BURNABY BC,40.0,SEP,2016,02,NORTH VANCOUVER
2016-09-03,TENTATSU BURNABY BC,27.72,SEP,2016,03,BURNABY
2016-09-04,WAL-MART SUPERCENTER#3057VANCOUVER BC,6.51,SEP,2016,04,VANCOUVER
2016-09-04,GROUPON CANADAINC 877-788-7858 QC,40.0,SEP,2016,04,Unknown
2016-09-05,WAL-MART SUPERCENTER#3008BURNABY BC,6.65,SEP,2016,05,BURNABY
2016-09-05,DRIVE BADMINTON CENTRE RICHMOND BC,14.0,SEP,2016,05,RICHMOND
2016-09-05,MCDONALD'S #12417 QPS COQUITLAM BC,2.09,SEP,2016,05,COQUITLAM
2016-09-06,SFU BOOKSTORE BURNABY BURNABY BC,158.83,SEP,2016,06,TORONTO
2016-09-07,HOUSE OF TOFU SOUP BURNABY BC,13.89,SEP,2016,07,BURNABY
2016-09-08,SHAW CABLESYSTEMS CALGARY AB,44.77,SEP,2016,08,Unknown
2016-09-09,BUBBLE WAFFLE HOUSE BURNABY BC,8.35,SEP,2016,09,BURNABY
2016-09-09,WAL-MART SUPERCENTER#1205SURREY BC,25.32,SEP,2016,09,SURREY
2016-09-09,SFU BOOKSTORE BURNABY BURNABY BC,265.65,SEP,2016,09,TORONTO
2016-09-09,TEXTBOOKRENTAL.CA OTTAWA ON,112.49,SEP,2016,09,Unknown
2016-09-09,STARBUCKS 04941 SURREY BC,2.0,SEP,2016,09,SURREY
2016-09-09,BEST SUSHI N KITCHEN COQUITLAM BC,33.32,SEP,2016,09,COQUITLAM
2016-07-27,STARBUCKS SFU 67355 BURNABY BC,2.1,JUL,2016,27,BURNABY
2016-07-28,ESSO 3965 NORTH ROAD BURNABY BC,20.0,JUL,2016,28,NORTH VANCOUVER
2016-07-29,SFU BOOKSTORE BURNABY BURNABY BC,0.84,JUL,2016,29,TORONTO
2016-07-30,MCDONALD'S #14910 Q04 NORTH VANCOUVBC,1.05,JUL,2016,30,NORTH VANCOUVER
2016-07-30,A&W CAPILANO MALL NORTH VANCOUVBC,6.62,JUL,2016,30,NORTH VANCOUVER
2016-07-31,MCDONALD'S #14910 Q04 NORTH VANCOUVBC,1.05,JUL,2016,31,NORTH VANCOUVER
2016-07-31,ESSO 3965 NORTH ROAD BURNABY BC,20.0,JUL,2016,31,NORTH VANCOUVER
2016-07-31,A&W CAPILANO MALL NORTH VANCOUVBC,6.28,JUL,2016,31,NORTH VANCOUVER
2016-08-01,SAVE ON FOODS #2221 BURNABY BC,11.36,AUG,2016,01,BURNABY
2016-08-01,SUSHI CALIFORNIA COQUITLAM BC,6.64,AUG,2016,01,COQUITLAM
2016-08-02,WAL-MART SUPERCENTER#3057VANCOUVER BC,0.17,AUG,2016,02,VANCOUVER
2016-08-02,WAL-MART SUPERCENTER#3057VANCOUVER BC,1.08,AUG,2016,02,VANCOUVER
2016-08-02,MCDONALD'S #14910 Q04 NORTH VANCOUVBC,1.05,AUG,2016,02,NORTH VANCOUVER
2016-08-03,BEST BUY #941 RICHMOND BC,336.44,AUG,2016,03,RICHMOND
2016-08-03,ESSO 3965 NORTH ROAD BURNABY BC,40.0,AUG,2016,03,NORTH VANCOUVER
2016-08-04,STARBUCKS SFU 67355 BURNABY BC,4.78,AUG,2016,04,BURNABY
2016-04-26,DENNY'S 03-089 COQUITL COQUITLAM BC,10.26,APR,2016,26,COQUITLAM
2016-04-26,ESSO 3965 NORTH ROAD BURNABY BC,40.0,APR,2016,26,NORTH VANCOUVER
2016-04-27,WAL-MART SUPERCENTER#3057VANCOUVER BC,224.01,APR,2016,27,VANCOUVER
2016-04-28,"TREO, PORT MANN BRIDGE TOCOQUITLAM BC",10.9,APR,2016,28,COQUITLAM
2016-04-28,BELL MOBILITY VERDUN QC,186.83,APR,2016,28,Unknown
2016-04-28,PHO 51 PORT COQUITLABC,11.77,APR,2016,28,COQUITLAM
2016-04-29,TIM HORTONS 3965 QTH PORT COQUITLABC,2.3,APR,2016,29,COQUITLAM
2016-04-29,ESSO 3965 NORTH ROAD BURNABY BC,40.0,APR,2016,29,NORTH VANCOUVER
2016-05-02,PINE SUSHI SQUARE NORTH VANCOUVBC,8.51,MAY,2016,02,NORTH VANCOUVER
2016-05-03,WAL-MART SUPERCENTER#1112PORT COUQUITLBC,6.79,MAY,2016,03,Unknown
2016-05-04,SHAW CABLESYSTEMS CALGARY AB,23.44,MAY,2016,04,Unknown
2016-05-05,PLAYSTATION SONYENTERT 800-345-7669 ON,19.99,MAY,2016,05,Unknown
2016-05-06,FONG HOLDINGS LTD - AUTO BURNABY BC,7.5,MAY,2016,06,BURNABY
2016-05-06,PETROCAN-710 SE MARINE DRVANCOUVER BC,40.0,MAY,2016,06,VANCOUVER
2016-05-07,WAL-MART SUPERCENTER#3057VANCOUVER BC,1.08,MAY,2016,07,VANCOUVER
2016-05-07,WAL-MART SUPERCENTER#3057VANCOUVER BC,9.95,MAY,2016,07,VANCOUVER
2016-05-07,WAL-MART SUPERCENTER#3057VANCOUVER BC,1.52,MAY,2016,07,VANCOUVER
2016-05-07,NIKE FACTORY OUTLET MC RICHMOND BC,43.64,MAY,2016,07,TORONTO
2016-05-07,UNDER ARMOUR VANCOUVER RICHMOND BC,60.45,MAY,2016,07,VANCOUVER
2016-05-07,LINDT & SPRUNGLI RICHMOND BC,6.24,MAY,2016,07,RICHMOND
2016-05-07,STARBUCKS 04440 N VANCOUVER BC,2.59,MAY,2016,07,VANCOUVER
2016-05-07,SAVE ON FOODS #2249 N VANCOUVER BC,8.43,MAY,2016,07,VANCOUVER
2016-05-08,FIVE GUYS BURGERS FRI PORT COQUITLABC,4.92,MAY,2016,08,COQUITLAM
2016-05-08,WAL-MART SUPERCENTER#1112PORT COUQUITLBC,1.31,MAY,2016,08,Unknown
2016-05-08,MCDONALD'S #40343 PORT COQUITLABC,1.05,MAY,2016,08,COQUITLAM
2016-05-08,MCDONALD'S #40343 PORT COQUITLABC,1.05,MAY,2016,08,COQUITLAM
2016-05-09,SAVE ON FOODS #2249 N VANCOUVER BC,6.21,MAY,2016,09,VANCOUVER
2016-05-09,MCDONALD'S #14910 Q04 NORTH VANCOUVBC,1.05,MAY,2016,09,NORTH VANCOUVER
2016-05-09,MCDONALD'S #14910 Q04 NORTH VANCOUVBC,1.05,MAY,2016,09,NORTH VANCOUVER
2016-05-10,SUSHI TOWN RESTAURANT NORTH VANCOUVBC,10.45,MAY,2016,10,NORTH VANCOUVER
2016-05-10,STARBUCKS 04440 N VANCOUVER BC,2.33,MAY,2016,10,VANCOUVER
2016-05-10,MCDONALD'S #14910 Q04 NORTH VANCOUVBC,1.05,MAY,2016,10,NORTH VANCOUVER
2016-05-11,SAFEWAY #4917 NEW WESTMINSTBC,5.09,MAY,2016,11,NEW WESTMINSTER
2016-05-11,SIMON FRASER UNIVERSITY BURNABY BC,3.25,MAY,2016,11,BURNABY
2016-04-03,APL* ITUNES.COM/BILL 800-676-2775 ON,1.29,APR,2016,03,Unknown
2016-04-05,ESSO 3965 NORTH ROAD BURNABY BC,40.0,APR,2016,05,NORTH VANCOUVER
2016-04-13,MUNDIES ROYAL CITY TOWINBURNABY BC,113.07,APR,2016,13,BURNABY
2016-04-13,BONNY'S TAXI QC 89 BURNABY BC,17.7,APR,2016,13,BURNABY
2016-04-17,WAL-MART SUPERCENTER#3008BURNABY BC,5.6,APR,2016,17,BURNABY
2016-04-18,WAL-MART SUPERCENTER#3008BURNABY BC,10.22,APR,2016,18,BURNABY
2016-04-18,ESSO 3965 NORTH ROAD BURNABY BC,40.0,APR,2016,18,NORTH VANCOUVER
2016-04-20,PLAYSTATION SONYENTERT 800-345-7669 ON,14.99,APR,2016,20,Unknown
2016-04-20,PHO LICIOUS RICHMOND BC,7.25,APR,2016,20,RICHMOND
2016-04-20,SIMON FRASER UNIVERSITY BURNABY BC,5.0,APR,2016,20,BURNABY
2016-04-20,SIMON FRASER UNIVERSITY BURNABY BC,5.0,APR,2016,20,BURNABY
2016-04-21,IMPARK00010123U VANCOUVER BC,5.0,APR,2016,21,VANCOUVER
2016-06-27,KFC/TACO BELL #1840 DELTA BC,8.91,JUN,2016,27,Unknown
2016-06-27,ESSO 3965 NORTH ROAD BURNABY BC,20.0,JUN,2016,27,NORTH VANCOUVER
2016-06-28,WAL-MART SUPERCENTER#5838SURREY BC,1.33,JUN,2016,28,SURREY
2016-06-28,WAL-MART SUPERCENTER#5838SURREY BC,25.73,JUN,2016,28,SURREY
2016-06-28,NORDEL SUSHI SURREY BC,14.38,JUN,2016,28,SURREY
2016-06-30,QUESADA BURRITOS AND TACOBURNABY BC,9.02,JUN,2016,30,BURNABY
2016-06-30,DENNY'S 03-071 VANCOUV VANCOUVER BC,15.7,JUN,2016,30,VANCOUVER
2016-06-30,STARBUCKS 00174 VANCOUVER BC,2.0,JUN,2016,30,VANCOUVER
2016-06-30,CHEVRON 496 E COLUMBIA S NEW WESTMINSTBC,20.18,JUN,2016,30,NEW WESTMINSTER
2016-07-01,MCDONALD'S #14908 BURNABY BC,1.05,JUL,2016,01,BURNABY
2016-07-01,SHAW CABLESYSTEMS CALGARY AB,89.12,JUL,2016,01,Unknown
2016-07-02,KFC/TACO BELL #1840 DELTA BC,7.63,JUL,2016,02,Unknown
2016-07-02,MCDONALD'S #40141 SURREY BC,1.05,JUL,2016,02,SURREY
2016-07-03,WAL-MART SUPERCENTER#5838SURREY BC,1.4,JUL,2016,03,SURREY
2016-07-03,WAL-MART SUPERCENTER#5838SURREY BC,1.33,JUL,2016,03,SURREY
2016-07-03,NORDEL SUSHI SURREY BC,14.79,JUL,2016,03,SURREY
2016-07-04,ESSO 3965 NORTH ROAD BURNABY BC,20.0,JUL,2016,04,NORTH VANCOUVER
2016-07-05,TACOREANO RESTAURANT COQUITLAM BC,23.1,JUL,2016,05,COQUITLAM
2016-07-08,SHELL 5 8 AVE NEW WESTMINSTBC,20.0,JUL,2016,08,NEW WESTMINSTER
2016-07-10,WAL-MART SUPERCENTER#3057VANCOUVER BC,21.94,JUL,2016,10,VANCOUVER
2016-07-10,ESSO 3965 NORTH ROAD BURNABY BC,40.0,JUL,2016,10,NORTH VANCOUVER
2016-07-11,ESSO 3965 NORTH ROAD BURNABY BC,4.5,JUL,2016,11,NORTH VANCOUVER
2016-07-12,WAL-MART SUPERCENTER#1112PORT COUQUITLBC,3.1,JUL,2016,12,Unknown
2016-07-12,MCDONALD'S #40343 PORT COQUITLABC,1.05,JUL,2016,12,COQUITLAM
2016-07-15,ALDO #1036 BURNABY BC,39.2,JUL,2016,15,BURNABY
2016-07-15,EBISU ON ROBSON VANCOUVER BC,37.19,JUL,2016,15,VANCOUVER
2016-07-15,WAL-MART SUPERCENTER#3008BURNABY BC,15.01,JUL,2016,15,BURNABY
2016-07-16,WAL-MART SUPERCENTER#3057VANCOUVER BC,1.13,JUL,2016,16,VANCOUVER
2016-07-17,WAL-MART SUPERCENTER#3057VANCOUVER BC,5.05,JUL,2016,17,VANCOUVER
2016-07-17,MCDONALD'S #14910 Q04 NORTH VANCOUVBC,3.85,JUL,2016,17,NORTH VANCOUVER
2016-07-17,MCDONALD'S #14910 Q04 NORTH VANCOUVBC,1.05,JUL,2016,17,NORTH VANCOUVER
2016-07-18,7-ELEVEN #17759 D2821 COQUITLAM BC,1.77,JUL,2016,18,COQUITLAM
2016-07-18,ESSO 3965 NORTH ROAD BURNABY BC,4.5,JUL,2016,18,NORTH VANCOUVER
2016-07-18,VINCI PARK - CANADA PLACEVANCOUVER BC,9.0,JUL,2016,18,VANCOUVER
2018-08-26,SAVE ON FOODS #2221 BURNABY BC,5.37,AUG,2018,26,BURNABY
2018-08-27,BONO CAFE COQUITLAM BC,3.68,AUG,2018,27,COQUITLAM
2018-08-27,WHITE SPOT #117 BURNABY BC,19.31,AUG,2018,27,BURNABY
2018-08-30,TAP & BARREL BREWHALL VANCOUVER BC,7.77,AUG,2018,30,VANCOUVER
2018-08-30,SAPPERTON TOWN PANTRY PAPNEW WESTMINSTBC,20.0,AUG,2018,30,NEW WESTMINSTER
2018-08-30,MANNA SUSHI JAPANESE RESTVANCOUVER BC,15.1,AUG,2018,30,VANCOUVER
2018-08-30,MCDONALD'S #21433 MYMCDS NEW WESTMINSTBC,2.1,AUG,2018,30,NEW WESTMINSTER
2018-08-31,BC LIQUOR #203 BURNABY BC,16.69,AUG,2018,31,BURNABY
2018-09-01,EARL'S KINGSWAY BURNABY BC,18.45,SEP,2018,01,BURNABY
2018-09-02,HANNAM SUPERMARKET BURNABBURNABY BC,6.99,SEP,2018,02,BURNABY
2018-09-02,SULBING CAFE BURNABY BC,17.27,SEP,2018,02,BURNABY
2018-09-03,"ATOM TICKETS, LLC 3106272866 CA",34.0,SEP,2018,03,Unknown
2018-09-04,SPOTIFY P07504C8C8 STOCKHOLM,4.99,SEP,2018,04,Unknown
2018-09-05,SFU STB WEST # 87275702 BURNABY BC,4.46,SEP,2018,05,NEW WESTMINSTER
2018-09-05,ESSO 3965 NORTH ROAD BURNABY BC,20.0,SEP,2018,05,NORTH VANCOUVER
2018-09-06,DAMACAN SUSHI BURNABY BC,39.0,SEP,2018,06,BURNABY
2018-09-07,NW PARKING SERVICES NEW WESTMINSTBC,1.0,SEP,2018,07,NEW WESTMINSTER
2018-09-07,MCDONALD'S #21433 NEW WESTMINSTBC,4.19,SEP,2018,07,NEW WESTMINSTER
2018-09-07,CACTUS CLUB COQUITLAM COQUITLAM BC,19.38,SEP,2018,07,COQUITLAM
2018-09-08,COMPASS VENDING BURNABY BC,5.0,SEP,2018,08,BURNABY
2018-09-08,COMPASS ACCOUNT BURNABY BC,2.95,SEP,2018,08,BURNABY
2018-09-09,MYOUNG DONG KAHL GOOK SOOBURNABY BC,10.0,SEP,2018,09,BURNABY
2018-09-09,SAPPERTON TOWN PANTRY PAPNEW WESTMINSTBC,20.0,SEP,2018,09,NEW WESTMINSTER
2018-09-09,MCDONALD'S #21433 NEW WESTMINSTBC,3.98,SEP,2018,09,NEW WESTMINSTER
2018-09-09,WOODS SPORTS PUB COQUITLAM BC,8.6,SEP,2018,09,COQUITLAM
2018-09-10,SUBWAY 07752 SURREY BC,4.19,SEP,2018,10,SURREY
2018-09-11,AMAZON.CA AMAZON.CA ON,34.91,SEP,2018,11,Unknown
2018-09-11,SHAW CABLESYSTEMS CALGARY AB,53.16,SEP,2018,11,Unknown
2018-09-11,QUEENS PARK TOWN PANTRY PNEW WESTMINSTBC,20.0,SEP,2018,11,NEW WESTMINSTER
2018-09-11,QUESADA MEXICAN GRILL NEW WESTMINSTBC,9.86,SEP,2018,11,NEW WESTMINSTER
2018-09-12,IMPARK00012298U NEW WESTMINSTBC,2.0,SEP,2018,12,NEW WESTMINSTER
2018-09-12,SFU STB WEST # 87275702 BURNABY BC,2.36,SEP,2018,12,NEW WESTMINSTER
2018-09-14,MCDONALD'S #40251 BURNABY BC,12.16,SEP,2018,14,BURNABY
2018-02-28,MCDONALD'S #21433 NEW WESTMINSTBC,1.05,FEB,2018,28,NEW WESTMINSTER
2018-03-01,NESTERS MARKET #80063 BURNABY BC,16.58,MAR,2018,01,BURNABY
2018-03-01,HOPS NEW WESTMINSTBC,47.38,MAR,2018,01,NEW WESTMINSTER
2018-03-02,TELUS MOBILITY SCARBOROUGH ON,189.62,MAR,2018,02,Unknown
2018-03-02,ZAAKI DONAIR N WESTMINSTERBC,21.0,MAR,2018,02,NEW WESTMINSTER
2018-03-02,FRENCHIES MONTREAL SMOKEDVANCOUVER BC,16.17,MAR,2018,02,VANCOUVER
2018-03-03,COMPASS VENDING BURNABY BC,5.0,MAR,2018,03,BURNABY
2018-03-03,COMPASS VENDING BURNABY BC,5.0,MAR,2018,03,BURNABY
2018-03-04,PAYPAL *RUKSHANAH1 4029357733 ON,29.78,MAR,2018,04,Unknown
2018-03-04,CHURCH'S CHICKEN COQUITLAM BC,2.63,MAR,2018,04,COQUITLAM
2018-03-04,COQUITLAM CHEERS CHICKEN COQUITLAM BC,19.5,MAR,2018,04,COQUITLAM
2018-05-27,SAVE ON FOODS #2221 BURNABY BC,9.16,MAY,2018,27,BURNABY
2018-05-28,AMAZON *MARKETPLCE CA WWW.AMAZON.CAON,15.55,MAY,2018,28,Unknown
2018-05-29,CINEPLEX ENTERTAINMENT 416-323-6600 ON,15.3,MAY,2018,29,Unknown
2018-05-30,BIG CHICKEN TOWN (COQU COQUITLAM BC,26.51,MAY,2018,30,COQUITLAM
2018-05-31,ESSO 3965 NORTH ROAD BURNABY BC,20.0,MAY,2018,31,NORTH VANCOUVER
2018-06-01,"ATOM TICKETS, LLC 3106272866 CA",12.0,JUN,2018,01,Unknown
2018-06-01,FRESH BOX BURNABY BC,6.95,JUN,2018,01,BURNABY
2018-06-01,MCDONALD'S #21433 MYMCDS NEW WESTMINSTBC,4.08,JUN,2018,01,NEW WESTMINSTER
2018-06-01,PAYBYPHONE BURNABY VANCOUVER BC,0.33,JUN,2018,01,BURNABY
2018-06-02,WAL-MART SUPERCENTER#5777NEW WESTMINSTBC,40.42,JUN,2018,02,NEW WESTMINSTER
2018-06-02,MCDONALD'S #40094 NEW WESTMINSTBC,1.05,JUN,2018,02,NEW WESTMINSTER
2018-06-03,DELICIOUS PHO COQUITLAM BC,10.98,JUN,2018,03,COQUITLAM
2018-06-03,PETROCAN-829 BRUNETTE AVECOQUITLAM BC,20.0,JUN,2018,03,COQUITLAM
2018-06-04,MASTER BILLIARDS COQUITLAM BC,8.47,JUN,2018,04,COQUITLAM
2018-06-04,SPOTIFY P06398B8E1 STOCKHOLM,4.99,JUN,2018,04,Unknown
2018-04-03,FANDINE TECHNOLOGIES L VANCOUVER BC,3.45,APR,2018,03,VANCOUVER
2018-04-04,TIM HORTONS #7536 BURNABY BC,1.88,APR,2018,04,BURNABY
2018-04-04,SPOTIFY P05817BAD9 STOCKHOLM,4.99,APR,2018,04,Unknown
2018-04-05,FANDINE TECHNOLOGIES L VANCOUVER BC,1.0,APR,2018,05,VANCOUVER
2018-04-05,CLUB ILIA BURNABY BC,10.14,APR,2018,05,BURNABY
2018-12-02,CENTENNIAL TOWN PANTRY BURNABY BC,4.02,DEC,2018,02,BURNABY
2018-12-02,MCDONALD'S #21433 NEW WESTMINSTBC,2.61,DEC,2018,02,NEW WESTMINSTER
2018-12-02,MCDONALD'S #29716 MYMCDS BURNABY BC,1.77,DEC,2018,02,BURNABY
2018-12-03,WAL-MART SUPERCENTER#1213BURNABY BC,13.29,DEC,2018,03,BURNABY
2018-12-03,PHO 99 RESTAURANT COQUITLAM BC,11.55,DEC,2018,03,COQUITLAM
2018-12-03,AMZN MKTP CA*M04E55HR1 WWW.AMAZON.CAON,34.22,DEC,2018,03,Unknown
2018-12-04,SPOTIFY P08878E1BA STOCKHOLM,4.99,DEC,2018,04,Unknown
2018-12-04,CENTENNIAL TOWN PANTRY BURNABY BC,4.02,DEC,2018,04,BURNABY
2018-12-04,MCDONALD'S #40255 MYMCDS NEW WESTMINSTBC,1.05,DEC,2018,04,NEW WESTMINSTER
2018-12-04,ESSO 780 6TH STREET NEW WEST BC,20.0,DEC,2018,04,NEW WESTMINSTER
2018-12-05,CENTENNIAL TOWN PANTRY BURNABY BC,24.02,DEC,2018,05,BURNABY
2018-12-06,KAWA SUSHI JAPANESE RESTAVANCOUVER BC,7.9,DEC,2018,06,VANCOUVER
2018-12-07,STARBUCKS CARD RELOAD 800-782-7282 ON,25.0,DEC,2018,07,Unknown
2018-12-07,CACTUS CLUB COQUITLAM COQUITLAM BC,22.31,DEC,2018,07,COQUITLAM
2018-12-08,CENTENNIAL TOWN PANTRY BURNABY BC,4.02,DEC,2018,08,BURNABY
2018-12-08,MCDONALD'S #23911 MYMCDS SURREY BC,3.15,DEC,2018,08,SURREY
2018-12-09,WAL-MART SUPERCENTER#3008BURNABY BC,15.52,DEC,2018,09,BURNABY
2018-12-09,KRISHNAS DOSA GRILL SURREY BC,13.6,DEC,2018,09,SURREY
2018-07-30,WHITE SPOT #163 BURNABY BC,12.75,JUL,2018,30,BURNABY
2018-07-30,SAPPERTON TOWN PANTRY PAPNEW WESTMINSTBC,20.0,JUL,2018,30,NEW WESTMINSTER
2018-08-01,A&W SFU #773 BURNABY BC,6.81,AUG,2018,01,BURNABY
2018-08-02,TAP & BARREL BREWHALL VANCOUVER BC,7.77,AUG,2018,02,VANCOUVER
2018-08-02,TAP & BARREL BREWHALL VANCOUVER BC,11.58,AUG,2018,02,VANCOUVER
2018-08-02,TAP & BARREL BREWHALL VANCOUVER BC,7.77,AUG,2018,02,VANCOUVER
2018-08-02,MCDONALD'S #8078 Q04 VANCOUVER BC,2.63,AUG,2018,02,VANCOUVER
2018-08-02,11170 MACS CONV. STORES NEW WESTMINISBC,2.61,AUG,2018,02,TORONTO
2018-08-04,MCDONALD'S #23911 Q04 SURREY BC,9.19,AUG,2018,04,SURREY
2018-08-04,CITY OF WHITE ROCK - TICKWHITE ROCK BC,2.42,AUG,2018,04,Unknown
2018-08-04,ZAAKI DONAIR N WESTMINSTERBC,8.93,AUG,2018,04,NEW WESTMINSTER
2018-08-05,FONG HOLDINGS LTD - AUTO BURNABY BC,7.0,AUG,2018,05,BURNABY
2018-08-06,BR FACTORY STORE 7616 VANCOUVER BC,30.78,AUG,2018,06,TORONTO
2018-08-06,SPOTIFY P06F3DEE35 STOCKHOLM,4.99,AUG,2018,06,Unknown
2018-08-08,SHAW CABLESYSTEMS CALGARY AB,44.8,AUG,2018,08,Unknown
2018-08-08,MCDONALD'S #12135 Q04 COQUITLAM BC,1.83,AUG,2018,08,COQUITLAM
2018-10-26,DAMSO RESTAURANT BUTE LTDVANCOUVER BC,28.28,OCT,2018,26,VANCOUVER
2018-10-27,TELUS MOBILITY PREAUTH CALGARY AB,119.43,OCT,2018,27,Unknown
2018-10-27,COQUITLAM CHEERS CHICKEN COQUITLAM BC,10.58,OCT,2018,27,COQUITLAM
2018-10-27,MCDONALD'S #23911 MYMCDS SURREY BC,1.88,OCT,2018,27,SURREY
2018-10-28,SAFEWAY #4917 NEW WESTMINSTBC,15.99,OCT,2018,28,NEW WESTMINSTER
2018-10-28,A&W STORE # 0573 SURREY BC,4.73,OCT,2018,28,TORONTO
2018-10-28,KOODO MOBILE PAC EDMONTON AB,36.2,OCT,2018,28,Unknown
2018-10-28,MCDONALD'S #23911 MYMCDS SURREY BC,1.88,OCT,2018,28,SURREY
2018-10-29,FRESHII - 1170 BURNABY BC,9.44,OCT,2018,29,BURNABY
2018-10-30,KI SUSHI JAPANESE RESTAURNEW WESTMINSTBC,13.58,OCT,2018,30,NEW WESTMINSTER
2018-10-30,MCDONALD'S #40251 BURNABY BC,4.19,OCT,2018,30,BURNABY
2018-10-30,ESSO 12808 KING GEORGE HWSURREY BC,40.0,OCT,2018,30,SURREY
2018-10-30,SAVE ON FOODS #2228 BURNABY BC,2.39,OCT,2018,30,BURNABY
2018-10-31,SFU J DOUGLAS # 87275004 BURNABY BC,9.23,OCT,2018,31,LAS VEGAS
2018-11-01,DENNY'S #9300 SURREY BC,146.42,NOV,2018,01,SURREY
2018-11-02,DENNY'S 03-089 COQUITL COQUITLAM BC,23.52,NOV,2018,02,COQUITLAM
2018-11-04,PHO99 VIETNAMESE NOODL COQUITLAM BC,58.63,NOV,2018,04,COQUITLAM
2018-11-04,SPOTIFY P081D4B6DF STOCKHOLM,4.99,NOV,2018,04,Unknown
2018-11-04,THE HOLY CRAB VANCOUVER BC,15.38,NOV,2018,04,VANCOUVER
2018-11-04,ESSO 3965 NORTH ROAD BURNABY BC,40.0,NOV,2018,04,NORTH VANCOUVER
2018-11-06,WONHO HAIR SALON COQUITLAM BC,18.11,NOV,2018,06,COQUITLAM
2018-11-06,PHO 99 RESTAURANT COQUITLAM BC,13.24,NOV,2018,06,COQUITLAM
2018-11-06,DEPENDABLE BRAKES&MUFFLERNEW WESTMINSTBC,44.8,NOV,2018,06,NEW WESTMINSTER
2018-11-07,MCDONALD'S #12135 Q04 COQUITLAM BC,2.09,NOV,2018,07,COQUITLAM
2018-11-08,QUEENS PARK TOWN PANTRY NEW WESTMINSTBC,4.02,NOV,2018,08,NEW WESTMINSTER
2018-11-08,MCDONALD'S #21433 MYMCDS NEW WESTMINSTBC,2.09,NOV,2018,08,NEW WESTMINSTER
2018-11-09,MASTER BILLIARDS COQUITLAM BC,9.24,NOV,2018,09,COQUITLAM
2018-11-09,MCDONALD'S #10429 SQUAMISH BC,3.14,NOV,2018,09,Unknown
2018-11-09,MCDONALD'S #10429 SQUAMISH BC,3.14,NOV,2018,09,Unknown
2018-11-09,BC LIQUOR #097 NEW WESTMINSTBC,47.35,NOV,2018,09,NEW WESTMINSTER
2018-11-13,CHATIME BURNABY BC,5.57,NOV,2018,13,BURNABY
2018-11-13,ZARA RICHMOND #9279 RICHMOND BC,44.69,NOV,2018,13,RICHMOND
2018-11-14,RAMEN GAOH BURNABY BC,14.79,NOV,2018,14,BURNABY
2018-11-15,MCDONALD'S #40251 MYMCDS BURNABY BC,2.09,NOV,2018,15,BURNABY
2018-11-15,GREEN LEAF CAFE BURNABY BC,24.7,NOV,2018,15,BURNABY
2018-11-16,REVENUE SERVICES BC VICTORIA BC,23.0,NOV,2018,16,TORONTO
2018-11-17,STARBUCKS CARD RELOAD 800-782-7282 ON,10.0,NOV,2018,17,Unknown
2018-11-17,COQUITLAM CHEERS CHICKEN COQUITLAM BC,42.3,NOV,2018,17,COQUITLAM
2018-11-17,ROYAL CITY TAXI # 90 NEW WESTMINSTBC,54.7,NOV,2018,17,NEW WESTMINSTER
2018-11-18,VANCOUVER TAXI VANCOUVER BC,48.4,NOV,2018,18,VANCOUVER
2018-11-19,COQ CENTENNIAL ACTIVIT COQUITLAM BC,4.75,NOV,2018,19,COQUITLAM
2018-11-19,PETROCAN-1969 WILLINGDON BURNABY BC,40.0,NOV,2018,19,BURNABY
2018-11-19,MCDONALD'S #40251 MYMCDS BURNABY BC,13.1,NOV,2018,19,BURNABY
2018-11-20,WAL-MART SUPERCENTER#1213BURNABY BC,5.0,NOV,2018,20,BURNABY
2018-11-20,T&T SUPERMARKET #001 BURNABY BC,13.98,NOV,2018,20,BURNABY
2018-11-21,BLOSSOM TEAS BURNABY BC,8.98,NOV,2018,21,BURNABY
2018-11-22,"ATOM TICKETS, LLC 3106272866 CA",17.0,NOV,2018,22,Unknown
2018-11-22,CENTENNIAL TOWN PANTRY BURNABY BC,4.02,NOV,2018,22,BURNABY
2018-11-24,WAVES COFFEE HSE COLUMBIANEW WESTMINSTBC,9.35,NOV,2018,24,NEW WESTMINSTER
2018-01-25,G&J FOOD LTD. RICHMOND BC,6.25,JAN,2018,25,RICHMOND
2018-01-26,A&W #0773 SFU BURNABY BC,6.81,JAN,2018,26,BURNABY
2018-01-26,MINISO CANADA BURNABY BC,16.79,JAN,2018,26,BURNABY
2018-01-27,WINGS ON GRANVILLE VANCOUVER BC,15.95,JAN,2018,27,VANCOUVER
2018-01-30,BR FACTORY STORE 7616 VANCOUVER BC,55.99,JAN,2018,30,TORONTO
2018-01-30,ICBC #59037 NEW WESTMINSTBC,421.23,JAN,2018,30,NEW WESTMINSTER
2018-01-30,ESSO 736 6TH AVENUE NEW WESTMINSTBC,20.0,JAN,2018,30,NEW WESTMINSTER
2018-02-01,IMPARK00010644U N VANCOUVER BC,7.0,FEB,2018,01,VANCOUVER
2018-02-02,EBISU ON ROBSON VANCOUVER BC,14.38,FEB,2018,02,VANCOUVER
2018-02-02,MCDONALD'S #12135 Q04 COQUITLAM BC,14.44,FEB,2018,02,COQUITLAM
2018-02-02,CITY OF VAN PAYBYPHONE VANCOUVER BC,1.0,FEB,2018,02,VANCOUVER
2018-02-02,CITY OF VAN PAYBYPHONE VANCOUVER BC,0.5,FEB,2018,02,VANCOUVER
2018-02-02,CITY OF VAN PAYBYPHONE VANCOUVER BC,0.33,FEB,2018,02,VANCOUVER
2018-02-03,SOBEYS LIQUOR 5397 COQUITLAM BC,16.11,FEB,2018,03,COQUITLAM
2018-02-03,HOPS NEW WESTMINSTBC,32.91,FEB,2018,03,NEW WESTMINSTER
2018-02-03,ESSO 3965 NORTH ROAD BURNABY BC,20.0,FEB,2018,03,NORTH VANCOUVER
2018-09-26,MCDONALD'S #40251 MYMCDS BURNABY BC,2.09,SEP,2018,26,BURNABY
2018-09-26,ESSO 3965 NORTH ROAD BURNABY BC,20.0,SEP,2018,26,NORTH VANCOUVER
2018-09-27,TELUS MOBILITY PREAUTH CALGARY AB,138.7,SEP,2018,27,Unknown
2018-09-28,KOODO MOBILE PAC EDMONTON AB,36.2,SEP,2018,28,Unknown
2018-09-29,SUSHI WELL NEW WESTMINSTBC,4.46,SEP,2018,29,NEW WESTMINSTER
2018-09-29,AJUKER FRIED CHICKEN COQUITLAM BC,17.32,SEP,2018,29,COQUITLAM
2018-09-29,PIZZA HUT BURNABY BC,10.5,SEP,2018,29,BURNABY
2018-09-30,IMPARK00012221U VANCOUVER BC,2.0,SEP,2018,30,VANCOUVER
2018-09-30,MCDONALD'S #21433 NEW WESTMINSTBC,4.29,SEP,2018,30,NEW WESTMINSTER
2018-09-30,SKYBRIDGE TOWN PANTRY PAPSURREY BC,20.0,SEP,2018,30,SURREY
2018-10-03,MCDONALD'S #12135 MYMCDS COQUITLAM BC,1.88,OCT,2018,03,COQUITLAM
2018-10-04,SPOTIFY P07B67E998 STOCKHOLM,4.99,OCT,2018,04,Unknown
2018-10-05,FRESHII - 1170 BURNABY BC,9.44,OCT,2018,05,BURNABY
2018-10-05,ROYAL OAK TOWN PANTRY PAPBURNABY BC,20.0,OCT,2018,05,BURNABY
2018-10-05,MCDONALD'S #21433 NEW WESTMINSTBC,1.88,OCT,2018,05,NEW WESTMINSTER
2018-10-06,STARBUCKS 00137 N WESTMINSTERBC,2.26,OCT,2018,06,NEW WESTMINSTER
2018-10-07,WAL-MART SUPERCENTER#3008BURNABY BC,42.19,OCT,2018,07,BURNABY
2018-10-07,NAGOYA SURREY BC,10.49,OCT,2018,07,SURREY
2018-10-08,GREEN TIMBERS LIQUOR S SURREY BC,11.35,OCT,2018,08,SURREY
2018-10-08,MCDONALD'S #40255 MYMCDS NEW WESTMINSTBC,1.88,OCT,2018,08,NEW WESTMINSTER
2018-10-09,WAL-MART SUPERCENTER#3008BURNABY BC,9.76,OCT,2018,09,BURNABY
2018-10-09,LITTLE TEA HOUSE BURNABY BC,5.25,OCT,2018,09,BURNABY
2018-10-10,PIZZA HUT #31105 NEW WESTMINSTBC,9.44,OCT,2018,10,NEW WESTMINSTER
2018-10-10,ROYAL OAK TOWN PANTRY PAPBURNABY BC,20.0,OCT,2018,10,BURNABY
2018-10-10,MCDONALD'S #12135 MYMCDS COQUITLAM BC,1.88,OCT,2018,10,COQUITLAM
2018-10-11,SHAW CABLESYSTEMS CALGARY AB,44.8,OCT,2018,11,Unknown
2018-10-12,MCDONALD'S #14908 MYMCDS BURNABY BC,1.05,OCT,2018,12,BURNABY
2018-10-12,QUEENSBOROUGH LANDING LIQNEW WESTMINSTBC,8.5,OCT,2018,12,NEW WESTMINSTER
2018-10-14,A&W STORE # 0573 SURREY BC,3.18,OCT,2018,14,TORONTO
2018-10-14,A&W STORE # 0573 SURREY BC,10.23,OCT,2018,14,TORONTO
2018-10-14,SUSHI WELL NEW WESTMINSTBC,28.17,OCT,2018,14,NEW WESTMINSTER
2018-10-14,WESTPARK - PAY BY PHONE VVANCOUVER BC,2.85,OCT,2018,14,NEW WESTMINSTER
2018-10-14,SKYBRIDGE TOWN PANTRY PAPSURREY BC,20.0,OCT,2018,14,SURREY
2018-10-15,REVENUE SERVICES BC VICTORIA BC,23.0,OCT,2018,15,TORONTO
2018-10-15,DAMACAN SUSHI BURNABY BC,11.0,OCT,2018,15,BURNABY
2019-04-27,KOODO MOBILE PAC EDMONTON AB,46.2,APR,2019,27,Unknown
2019-04-27,TELUS MOBILITY PREAUTH CALGARY AB,135.8,APR,2019,27,Unknown
2019-04-27,88 SUPERMARKET VANCOUVER BC,3.9,APR,2019,27,VANCOUVER
2019-04-27,CENTENNIAL TOWN PANTRY BURNABY BC,20.0,APR,2019,27,BURNABY
2019-04-27,SAL Y LIMON MEXICAN CUISIVANCOUVER BC,16.48,APR,2019,27,VANCOUVER
2019-04-30,PETROCAN-7890 CANADA WAY BURNABY BC,50.64,APR,2019,30,BURNABY
2019-05-01,WAL-MART SUPERCENTER#1205SURREY BC,48.43,MAY,2019,01,SURREY
2019-05-02,GREEN TIMBERS LIQUOR S SURREY BC,10.2,MAY,2019,02,SURREY
2019-05-03,H-MART COQUITLAM BC,9.77,MAY,2019,03,COQUITLAM
2019-05-04,SPOTIFY P0AB5A0E57 STOCKHOLM,4.99,MAY,2019,04,Unknown
2019-05-04,SUPER SAVE GAS #11 MERRITT BC,48.78,MAY,2019,04,Unknown
2019-05-04,CACTUS CLUB KELOWNA YA KELOWNA BC,67.94,MAY,2019,04,Unknown
2019-05-05,TIM HORTONS #7552 KELOWNA BC,2.09,MAY,2019,05,Unknown
2019-05-05,PETROCAN-1090 WESTMINSTERPENTICTON BC,28.08,MAY,2019,05,NEW WESTMINSTER
2019-05-05,PETROCAN-1969 WILLINGDON BURNABY BC,36.37,MAY,2019,05,BURNABY
2019-05-05,CRAFT BEER MARKET - KELOWKELOWNA BC,28.78,MAY,2019,05,Unknown
2019-05-09,DANA - SIERRA WIRELESS RICHMOND BC,2.0,MAY,2019,09,RICHMOND
2019-05-11,PERVERTD ICE CREAM VANCOUVER BC,6.3,MAY,2019,11,VANCOUVER
2019-05-11,SHAW CABLESYSTEMS CALGARY AB,7.45,MAY,2019,11,Unknown
2019-05-12,PETROCAN-5111 GRT MCCHONARICHMOND BC,1.09,MAY,2019,12,RICHMOND
2019-05-12,YVR PARKING RICHMOND BC,9.5,MAY,2019,12,RICHMOND
2019-05-13,PETROCAN-6502 VICTORIA DRVANCOUVER BC,37.45,MAY,2019,13,TORONTO
2019-05-14,DANA - SIERRA WIRELESS RICHMOND BC,7.0,MAY,2019,14,RICHMOND
2019-05-14,"ATOM TICKETS, LLC 3106272866 CA",12.99,MAY,2019,14,Unknown
2019-05-15,REVENUE SERVICES BC VICTORIA BC,23.0,MAY,2019,15,TORONTO
2019-05-15,TOKYO JOE'S SUSHI FACTORYRICHMOND BC,10.71,MAY,2019,15,TORONTO
2019-05-15,MCDONALD'S #21433 NEW WESTMINSTBC,6.18,MAY,2019,15,NEW WESTMINSTER
2019-05-17,DANA - SIERRA WIRELESS RICHMOND BC,1.05,MAY,2019,17,RICHMOND
2019-05-17,THE KEG DUNSMUIR VANCOUVER BC,55.05,MAY,2019,17,VANCOUVER
2019-05-18,XPRESS DONAIR HOUSE COQUITLAM BC,13.03,MAY,2019,18,COQUITLAM
2019-05-19,COQUITLAM CHEERS CHICKEN COQUITLAM BC,44.59,MAY,2019,19,COQUITLAM
2019-05-19,DENNY'S 03-089 COQUITL COQUITLAM BC,139.31,MAY,2019,19,COQUITLAM
2019-05-20,COQUITLAM CHEERS CHICKEN COQUITLAM BC,14.48,MAY,2019,20,COQUITLAM
2019-03-28,TELUS MOBILITY PREAUTH CALGARY AB,164.1,MAR,2019,28,Unknown
2019-03-29,KOODO MOBILE PAC EDMONTON AB,46.2,MAR,2019,29,Unknown
2019-03-30,SAFEWAY #4911 BURNABY BC,1.69,MAR,2019,30,BURNABY
2019-03-30,SUSHI UOMO BURNABY BC,14.52,MAR,2019,30,BURNABY
2019-03-30,QUEENS PARK TOWN PANTRY PNEW WESTMINSTBC,20.0,MAR,2019,30,NEW WESTMINSTER
2019-03-31,PHO MR. DO VIETNAMESE RESBURNABY BC,5.2,MAR,2019,31,BURNABY
2019-03-31,CENTENNIAL TOWN PANTRY PABURNABY BC,50.0,MAR,2019,31,BURNABY
2019-04-02,"ATOM TICKETS, LLC 3106272866 CA",17.0,APR,2019,02,Unknown
2019-04-02,RENAISSANCE COFFEE BURNABY BC,2.15,APR,2019,02,SAN FRANSCISCO
2019-04-02,QUESADA BURRITOS AND TACOBURNABY BC,8.07,APR,2019,02,BURNABY
2019-04-04,SPOTIFY P0A3F48122 STOCKHOLM,4.99,APR,2019,04,Unknown
2019-04-04,SUSHI CALIFORNIA COQUITLAM BC,12.65,APR,2019,04,COQUITLAM
2019-04-06,PHO MR. DO VIETNAMESE RESBURNABY BC,7.0,APR,2019,06,BURNABY
2019-04-11,SHAW CABLESYSTEMS CALGARY AB,103.04,APR,2019,11,Unknown
2019-04-12,SUSHI CALIFORNIA COQUITLAM BC,15.34,APR,2019,12,COQUITLAM
2019-04-13,CHAD THAI BURNABY BC,13.27,APR,2019,13,BURNABY
2019-04-13,BLOSSOM TEAS BURNABY BC,4.94,APR,2019,13,BURNABY
2019-04-13,PETROCAN-7890 CANADA WAY BURNABY BC,50.5,APR,2019,13,BURNABY
2019-04-14,MCDONALD'S #29716 Q04 BURNABY BC,1.77,APR,2019,14,BURNABY
2019-04-15,MCDONALD'S #1449 MYMCDS COQUITLAM BC,2.93,APR,2019,15,COQUITLAM
2019-04-15,MCDONALD'S #1449 Q04 COQUITLAM BC,1.05,APR,2019,15,COQUITLAM
2019-04-16,REVENUE SERVICES BC VICTORIA BC,23.0,APR,2019,16,TORONTO
2019-04-17,SFU J DOUGLAS # 87275004 BURNABY BC,9.23,APR,2019,17,LAS VEGAS
2019-04-19,TAQUERIA PLAYA TROPICAL NEW WESTMINSTBC,15.75,APR,2019,19,NEW WESTMINSTER
2019-04-20,MCDONALD'S #29002 Q04 N. VANCOUVER BC,2.1,APR,2019,20,VANCOUVER
2019-04-20,SHELL 4191 NORTH RD BURNABY BC,16.03,APR,2019,20,NORTH VANCOUVER
2019-04-20,SHELL 1580 HWY 99. SQUAMISH BC,42.6,APR,2019,20,Unknown
2019-04-21,PLUS KARAOKE COQUITLAM BC,12.0,APR,2019,21,COQUITLAM
2019-04-23,WOODS SPORTS PUB COQUITLAM BC,14.56,APR,2019,23,COQUITLAM
2019-04-23,MCDONALD'S #14908 BURNABY BC,1.05,APR,2019,23,BURNABY
2019-03-11,SHAW CABLESYSTEMS CALGARY AB,44.81,MAR,2019,11,Unknown
2019-03-11,BLOSSOM TEAS BURNABY BC,4.85,MAR,2019,11,BURNABY
2019-03-11,INLET TOWN PANTRY PAP BURNABY BC,20.0,MAR,2019,11,BURNABY
2019-03-11,MCDONALD'S #29716 Q04 BURNABY BC,6.81,MAR,2019,11,BURNABY
2019-03-11,MCDONALD'S #12135 Q04 COQUITLAM BC,1.88,MAR,2019,11,COQUITLAM
2019-03-13,PHO MR. DO VIETNAMESE RESBURNABY BC,10.4,MAR,2019,13,BURNABY
2019-03-15,REVENUE SERVICES BC VICTORIA BC,23.0,MAR,2019,15,TORONTO
2019-03-15,PETROCAN-8014 KING GEORGESURREY BC,48.31,MAR,2019,15,SURREY
2019-03-18,PIZZA HUT #31154 BURNABY BC,13.52,MAR,2019,18,BURNABY
2019-03-20,AMAZON.CA*MW3JB8AC0 AMAZON.CA ON,16.12,MAR,2019,20,Unknown
2019-03-21,AMAZON.CA*MW50K21M1 AMAZON.CA ON,17.07,MAR,2019,21,Unknown
2019-03-22,YAGUCHIYA RAMEN BURNABY BC,15.4,MAR,2019,22,BURNABY
2019-03-23,MCDONALD'S #29002 Q04 N. VANCOUVER BC,4.5,MAR,2019,23,VANCOUVER
2019-03-24,HANGANG KOREAN RESTAUR COQUITLAM BC,19.84,MAR,2019,24,COQUITLAM
2019-03-25,SAPPERTON TOWN PANTRY PAPNEW WESTMINSTBC,20.0,MAR,2019,25,NEW WESTMINSTER
2019-03-26,BBONG KOREAN RESTAURAN COQUITLAM BC,21.17,MAR,2019,26,COQUITLAM
