c1,c2,date,place,amount,year
0,0,SEP 26,SIMON FRASER UNIVERSITY BURNABY BC,3.25,2014
1,4,SEP 26,DRIVER SERV.CENTRE #92269BURNABY BC,281.00,2014
2,8,SEP 27,PETROCAN-5111 GRT MCCHONARICHMOND BC,2.40,2014
3,12,SEP 27,MCDONALD'S #40094 Q04 NEW WESTMINSTBC,4.69,2014
4,15,SEP 28,ESSO 736 6TH AVENUE NEW WESTMINSTBC,40.00,2014
5,19,SEP 29,SUBWAY 45023 BURNABY BC,5.25,2014
6,23,SEP 29,TACO DEL MAR N WESTMINSTERBC,6.29,2014
7,27,SEP 29,VIOLATION PROCESSING CTR VANCOUVER BC,20.00,2014
8,30,SEP 30,IMPARK00010123U 877-909-6199 BC,5.00,2014
9,34,SEP 30,SIMON FRASER UNIVERSITY BURNABY BC,5.00,2014
10,38,OCT 01,SFU PARKING SERVICES BURNABY BC,209.63,2014
11,42,OCT 01,SIMON FRASER UNIVERSITY BURNABY BC,5.00,2014
12,45,OCT 03,SIMON FRASER UNIVERSITY BURNABY BC,5.00,2014
13,48,OCT 03,PETROCAN-7890 CANADA WAY BURNABY BC,46.07,2014
14,50,OCT 04,PAYMENT - THANK YOU / PAIEMENT - MERCI,-826.14,2014
15,52,OCT 05,PETROCAN-5111 GRT MCCHONARICHMOND BC,2.49,2014
0,0,JUL 25,A&W #0396 NEW WESTMINSTBC,7.04,2014
1,4,JUL 26,WAL-MART SUPERCENTER#5777NEW WESTMINSTBC,13.42,2014
2,8,JUL 30,WAL-MART SUPERCENTER#5777NEW WESTMINSTBC,5.35,2014
3,12,JUL 30,DONAIR TOWN IN SFU BURNABY BC,5.25,2014
4,15,JUL 30,MCDONALD'S #40094 Q04 NEW WESTMINSTBC,1.50,2014
5,19,AUG 01,SFSS FOOD & BEVERAGE BURNABY BC,4.99,2014
6,23,AUG 03,WAL-MART SUPERCENTER#5777NEW WESTMINSTBC,-121.30,2014
7,27,AUG 03,MCDONALD'S #40094 Q04 NEW WESTMINSTBC,2.81,2014
8,30,AUG 04,TACO DEL MAR N WESTMINSTERBC,5.87,2014
9,34,AUG 05,PAYMENT - THANK YOU / PAIEMENT - MERCI,-186.19,2014
10,38,AUG 07,ROGERS *694250366 888-764-3771 ON,118.19,2014
11,42,AUG 09,TELUS COMM. WEB EDMONTON AB,23.69,2014
12,45,AUG 11,STARBUCKS 09039 BURNABY BC,4.99,2014
13,48,AUG 11,MCDONALD'S #40094 Q04 NEW WESTMINSTBC,2.10,2014
14,50,AUG 11,PAPA JOHN'S PIZZA NEW WESTMINSTBC,8.39,2014
15,52,AUG 12,WAL-MART SUPERCENTER#5777NEW WESTMINSTBC,178.60,2014
0,5,DEC 27 DEC 30,WAL-MART SUPERCENTER#5777NEW WESTMINSTBC,3.41,2014
1,9,DEC 27 DEC 30,WAL-MART SUPERCENTER#5777NEW WESTMINSTBC,3.36,2014
2,13,DEC 28 DEC 31,WAL-MART SUPERCENTER#5777NEW WESTMINSTBC,7.53,2014
3,17,DEC 29 DEC 31,FONG HOLDINGS LTD - AUTO BURNABY BC,7.50,2014
4,20,DEC 29 JAN 02,WAL-MART SUPERCENTER#5777NEW WESTMINSTBC,174.72,2014
5,24,DEC 29 DEC 30,ESSO 736 6TH AVENUE NEW WESTMINSTBC,42.37,2014
6,28,DEC 31 JAN 02,PAPA JOHN'S PIZZA NEW NEW WESTMINSTBC,10.49,2014
7,32,JAN 01 JAN 02,ESSO 736 6TH AVENUE NEW WESTMINSTBC,1.70,2014
8,35,JAN 01 JAN 02,MCDONALD'S #40094 Q04 NEW WESTMINSTBC,3.01,2014
9,39,JAN 01 JAN 02,ANNUAL FEE,39.00,2014
10,41,JAN 02 JAN 05,MCDONALD'S #40094 Q04 NEW WESTMINSTBC,2.91,2014
11,45,JAN 02 JAN 02,ANNUAL FEE REBATE,-39.00,2014
12,47,JAN 03 JAN 06,WAL-MART SUPERCENTER#5777NEW WESTMINSTBC,2.49,2014
13,50,JAN 03 JAN 06,WAL-MART SUPERCENTER#5777NEW WESTMINSTBC,24.19,2014
14,53,JAN 03 JAN 05,TELUS COMM. WEB EDMONTON AB,22.40,2014
15,55,JAN 03 JAN 05,TELUS MOBILITY SCARBOROUGH ON,74.82,2014
16,57,JAN 04 JAN 07,WAL-MART SUPERCENTER#5777NEW WESTMINSTBC,12.10,2014
0,0,OCT 28,MCDONALD'S #21433 Q04 N/WESTMINSTERBC,1.67,2014
1,4,OCT 30,PETROCAN-7890 CANADA WAY BURNABY BC,50.00,2014
2,8,OCT 30,MCDONALD'S #21433 Q04 N/WESTMINSTERBC,1.46,2014
3,12,OCT 31,MCDONALD'S #21433 Q04 N/WESTMINSTERBC,1.46,2014
4,15,NOV 01,MCDONALD'S #40094 Q04 NEW WESTMINSTBC,4.32,2014
5,19,NOV 02,7 ELEVEN STORE #34525 NEW WESTMINSTBC,3.45,2014
6,23,NOV 03,7 ELEVEN #37122 WESTMINST BC,3.15,2014
7,27,NOV 04,MCDONALD'S #21433 Q04 N/WESTMINSTERBC,3.76,2014
8,30,NOV 05,WAL-MART SUPERCENTER#5777NEW WESTMINSTBC,2.70,2014
9,34,NOV 05,WAL-MART SUPERCENTER#5777NEW WESTMINSTBC,2.70,2014
10,38,NOV 06,WAL-MART SUPERCENTER#5777NEW WESTMINSTBC,14.20,2014
11,42,NOV 06,WAL-MART SUPERCENTER#5777NEW WESTMINSTBC,7.09,2014
12,45,NOV 06,CHEVRON 8TH/MCBRIDE NEW WESTMINS BC,25.04,2014
0,0,JUN 26,TIM HORTONS 3329 QPS NEW WESTMINSTBC,2.74,2014
1,4,JUN 27,TIM HORTONS 3329 QPS NEW WESTMINSTBC,1.41,2014
2,8,JUN 28,MCDONALD'S #40094 Q04 NEW WESTMINSTBC,1.50,2014
3,12,JUL 01,MCDONALD'S #40094 Q04 NEW WESTMINSTBC,3.00,2014
4,15,JUL 02,WAL-MART SUPERCENTER#5777NEW WESTMINSTBC,-103.29,2014
5,19,JUL 02,MCDONALD'S #40094 Q04 NEW WESTMINSTBC,3.00,2014
6,23,JUL 02,MCDONALD'S #40094 Q04 NEW WESTMINSTBC,2.31,2014
7,27,JUL 04,ROGERS *694250366 888-764-3771 ON,107.30,2014
8,30,JUL 04,SUBWAY 45023 BURNABY BC,5.25,2014
9,34,JUL 05,MCDONALD'S #40094 Q04 NEW WESTMINSTBC,4.32,2014
10,38,JUL 06,MCDONALD'S #40094 Q04 NEW WESTMINSTBC,4.50,2014
11,42,JUL 10,PAYMENT - THANK YOU / PAIEMENT - MERCI,-10.00,2014
12,45,JUL 11,PAYMENT - THANK YOU / PAIEMENT - MERCI,-77.92,2014
13,48,JUL 11,PAYMENT - THANK YOU / PAIEMENT - MERCI,-200.36,2014
14,50,JUL 12,WAL-MART SUPERCENTER#5777NEW WESTMINSTBC,5.35,2014
15,52,JUL 13,MCDONALD'S #40094 Q04 NEW WESTMINSTBC,6.01,2014
0,0,AUG 26,ESSO 736 6TH AVENUE NEW WESTMINSTBC,40.00,2015
1,4,AUG 26,MCDONALD'S #40094 NEW WESTMINSTBC,5.27,2015
2,8,AUG 26,MCDONALD'S #40094 NEW WESTMINSTBC,1.05,2015
3,12,AUG 27,FAMOUS PLAYER 1412QPS COQUITLAM BC,6.13,2015
4,15,AUG 27,FAMOUS PLAYER 1412QPS COQUITLAM BC,5.85,2015
5,19,AUG 27,ANYTIME FITNESS NEW WESTMINSTBC,2.50,2015
6,23,AUG 27,KFC/TB SURREY CENTRE SURREY BC,7.65,2015
7,27,AUG 28,UNDER ARMOUR VANCOUVER RICHMOND BC,78.39,2015
8,30,AUG 28,INDIAN WOK RESTAURANT BURNABY BC,17.76,2015
9,34,AUG 28,PAYMENT - THANK YOU / PAIEMENT - MERCI,-1105.03,2015
10,38,AUG 29,SUSHI OYAMA BURNABY BC,13.76,2015
11,42,AUG 29,MCDONALD'S #40094 NEW WESTMINSTBC,1.41,2015
12,45,AUG 29,MCDONALD'S #40094 NEW WESTMINSTBC,2.91,2015
13,48,AUG 29,A&W #0396 NEW WESTMINSTBC,4.20,2015
14,50,AUG 30,DAIRY QUEEN #26966 NEW WESTMINSTBC,4.19,2015
15,52,AUG 30,FRESH SLICE PIZZA NEW WESTMINSTBC,4.00,2015
0,0,SEP 01,WAL-MART SUPERCENTER#5777NEW WESTMINSTBC,20.13,2015
1,2,SEP 01,WAL-MART SUPERCENTER#5777NEW WESTMINSTBC,0.90,2015
2,4,SEP 01,A&W #0396 NEW WESTMINSTBC,4.20,2015
3,6,SEP 01,MCDONALD'S #40094 NEW WESTMINSTBC,4.50,2015
4,8,SEP 02,HI DOZO JAPANESE RESTAURANEW WESTMINSTBC,4.15,2015
5,10,SEP 02,VANCOUVER AIRPORT PARK RICHMOND BC,8.00,2015
6,12,SEP 02,ESSO 3965 NORTH ROAD BURNABY BC,40.00,2015
7,14,SEP 03,MCDONALD'S #40094 NEW WESTMINSTBC,5.76,2015
8,16,SEP 03,MCDONALD'S #40094 NEW WESTMINSTBC,1.56,2015
9,18,SEP 04,MCDONALD'S #40094 NEW WESTMINSTBC,4.60,2015
10,20,SEP 04,A&W #0396 NEW WESTMINSTBC,2.10,2015
11,22,SEP 04,A&W #0709 VANCOUVER BC,4.73,2015
12,24,SEP 05,MCDONALD'S #40094 NEW WESTMINSTBC,5.24,2015
13,26,SEP 05,MCDONALD'S #40094 NEW WESTMINSTBC,1.56,2015
14,28,SEP 05,WAL-MART SUPERCENTER#5777NEW WESTMINSTBC,0.90,2015
15,30,SEP 05,WAL-MART SUPERCENTER#5777NEW WESTMINSTBC,7.53,2015
16,32,SEP 06,WAL-MART SUPERCENTER#5777NEW WESTMINSTBC,1.80,2015
17,34,SEP 06,WAL-MART SUPERCENTER#5777NEW WESTMINSTBC,0.90,2015
18,36,SEP 06,MCDONALD'S #40094 NEW WESTMINSTBC,1.56,2015
0,0,FEB 26,SHELL 4505 CANADA WAY BURNABY BC,20.00,2015
1,4,FEB 27,MCDONALD'S #21433 Q04 N/WESTMINSTERBC,0.53,2015
2,8,FEB 28,WAL-MART SUPERCENTER#5777NEW WESTMINSTBC,5.05,2015
3,12,FEB 28,MCDONALD'S #40094 Q04 NEW WESTMINSTBC,0.53,2015
4,15,FEB 28,MCDONALD'S #40094 Q04 NEW WESTMINSTBC,4.50,2015
5,19,FEB 28,VANCOUVER AIRPORT PARK RICHMOND BC,8.00,2015
6,23,MAR 01,WAL-MART SUPERCENTER#5777NEW WESTMINSTBC,7.06,2015
7,27,MAR 01,ESSO 736 6TH AVENUE NEW WESTMINSTBC,20.00,2015
8,30,MAR 01,MCDONALD'S #40094 Q04 NEW WESTMINSTBC,4.50,2015
9,34,MAR 03,ESSO 736 6TH AVENUE NEW WESTMINSTBC,40.00,2015
10,38,MAR 03,PAYMENT - THANK YOU / PAIEMENT - MERCI,-592.00,2015
11,42,MAR 04,STARBUCKS CAD EGIFT 8778501977 ME,10.00,2015
12,45,MAR 07,WAL-MART SUPERCENTER#5777NEW WESTMINSTBC,2.77,2015
13,48,MAR 07,WAL-MART SUPERCENTER#5777NEW WESTMINSTBC,25.94,2015
14,50,MAR 07,FONG HOLDINGS LTD - AUTO BURNABY BC,7.00,2015
15,52,MAR 07,MCDONALD'S #40094 Q04 NEW WESTMINSTBC,6.10,2015
0,0,JUL 25,WAL-MART SUPERCENTER#5777NEW WESTMINSTBC,3.33,2015
1,4,JUL 25,WAL-MART SUPERCENTER#5777NEW WESTMINSTBC,7.53,2015
2,8,JUL 25,WAL-MART SUPERCENTER#5777NEW WESTMINSTBC,0.81,2015
3,12,JUL 26,SHOPPERS DRUG MART #0279 NEW WESTMINSTBC,23.09,2015
4,15,JUL 27,SIMON FRASER UNIVERSITY BURNABY BC,5.00,2015
5,19,JUL 28,SUBWAY 45023 BURNABY BC,5.25,2015
6,23,JUL 28,HI DOZO JAPANESE RESTAURANEW WESTMINSTBC,7.82,2015
7,27,JUL 28,SFU STARBUCKS BURNABY BC,2.00,2015
8,30,JUL 28,WAL-MART SUPERCENTER#5777NEW WESTMINSTBC,1.01,2015
9,34,JUL 29,G&J FOOD BURNABY BC,6.30,2015
10,38,JUL 29,WAL-MART SUPERCENTER#5777NEW WESTMINSTBC,8.02,2015
11,42,JUL 29,SIMON FRASER UNIVERSITY BURNABY BC,5.00,2015
0,0,AUG 01,WAL-MART SUPERCENTER#5777NEW WESTMINSTBC,51.99,2015
1,2,AUG 01,MCDONALD'S #40094 NEW WESTMINSTBC,4.50,2015
2,4,AUG 02,WAL-MART SUPERCENTER#5777NEW WESTMINSTBC,22.50,2015
3,6,AUG 02,WAL-MART SUPERCENTER#5777NEW WESTMINSTBC,29.21,2015
4,8,AUG 02,MCDONALD'S #40094 NEW WESTMINSTBC,4.50,2015
5,10,AUG 03,NANDO'S QUEENSBOROUGH NEW WESTMINSTBC,7.56,2015
6,12,AUG 03,AGNES BARBER & HAIR STYLIN WESTMINSTERBC,12.50,2015
7,14,AUG 03,IMPARK00012298U NEW WESTMINSTBC,2.00,2015
8,16,AUG 04,7-ELEVEN STORE #25164 VANCOUVER BC,4.47,2015
9,18,AUG 04,PETROCAN-7282 KNIGHT ST. VANCOUVER BC,40.00,2015
10,20,AUG 04,SFU PARKING SERVICES BURNABY BC,60.00,2015
11,22,AUG 04,SFU PARKING SERVICES BURNABY BC,69.88,2015
12,24,AUG 06,SFU BOOKSTORE BURNABY BURNABY BC,11.20,2015
13,26,AUG 06,SASHIMI SUSHI BURNABY BC,6.20,2015
14,28,AUG 07,G&J FOOD BURNABY BC,6.30,2015
15,30,AUG 08,MCDONALD'S #25022 Q04 VANCOUVER BC,6.78,2015
16,32,AUG 08,MCDONALD'S #40094 NEW WESTMINSTBC,1.41,2015
17,34,AUG 09,WAL-MART SUPERCENTER#5777NEW WESTMINSTBC,22.18,2015
18,36,AUG 09,WAL-MART SUPERCENTER#5777NEW WESTMINSTBC,126.00,2015
0,0,JAN 25,WAL-MART SUPERCENTER#5777NEW WESTMINSTBC,14.74,2015
1,4,JAN 27,SFU STARBUCKS BURNABY BC,2.00,2015
2,8,JAN 27,SFU STARBUCKS BURNABY BC,2.00,2015
3,12,JAN 28,WAL-MART SUPERCENTER#5777NEW WESTMINSTBC,7.02,2015
4,15,JAN 28,ESSO 736 6TH AVENUE NEW WESTMINSTBC,8.59,2015
5,19,JAN 28,ESSO 736 6TH AVENUE NEW WESTMINSTBC,38.12,2015
6,23,JAN 28,MCDONALD'S #21433 Q04 N/WESTMINSTERBC,1.77,2015
7,27,JAN 29,SFU STARBUCKS BURNABY BC,2.00,2015
8,30,JAN 29,SFU STARBUCKS BURNABY BC,2.00,2015
9,34,JAN 31,WAL-MART SUPERCENTER#5777NEW WESTMINSTBC,7.84,2015
10,38,FEB 02,SFU STARBUCKS BURNABY BC,2.00,2015
11,42,FEB 02,GAWON KOREAN RESTAURANT BURNABY BC,7.35,2015
12,45,FEB 03,SUBWAY 45023 BURNABY BC,5.25,2015
13,48,FEB 03,SFU STARBUCKS BURNABY BC,2.00,2015
14,50,FEB 04,GAWON KOREAN RESTAURANT BURNABY BC,7.35,2015
15,52,FEB 05,SUBWAY 45023 BURNABY BC,5.25,2015
0,0,JUN 25,A&W #0711 NEW WESTMINSTBC,4.20,2015
1,4,JUN 26,A&W #0711 NEW WESTMINSTBC,3.68,2015
2,8,JUN 26,G&J FOOD BURNABY BC,5.25,2015
3,12,JUN 26,WAL-MART SUPERCENTER#5777NEW WESTMINSTBC,32.66,2015
4,15,JUN 27,WAL-MART SUPERCENTER#5777NEW WESTMINSTBC,2.67,2015
5,19,JUN 27,URBAN PLANET 1386 BURNABY BC,1.17,2015
6,23,JUN 27,TIM HORTONS 2757 QTH NEW WESTMINSTBC,2.85,2015
7,27,JUN 28,THE KEG DUNSMUIR VANCOUVER BC,23.28,2015
8,30,JUN 28,TRANSLINK FARE PURCHAS N WESTMINSTERBC,2.75,2015
9,34,JUN 28,A&W #0396 NEW WESTMINSTBC,4.20,2015
10,38,JUN 28,MCDONALD'S #1449 Q04 COQUITLAM BC,2.09,2015
11,42,JUN 29,CHARTWELLSSFURAVEQPS BURNABY BC,2.85,2015
12,45,JUN 29,TRANSLINK FARE PURCHAS N WESTMINSTERBC,2.75,2015
13,48,JUN 29,G&J FOOD BURNABY BC,5.25,2015
14,50,JUN 29,WAL-MART SUPERCENTER#5777NEW WESTMINSTBC,31.30,2015
15,52,JUN 30,KOYA JAPAN BURNABY BC,7.76,2015
0,0,JUL 01,ESSO 736 6TH AVENUE NEW WESTMINSTBC,40.00,2015
1,2,JUL 01,MCDONALD'S #40094 NEW WESTMINSTBC,2.10,2015
2,4,JUL 02,TIM HORTONS #2257 NEWWESTMINSTEBC,2.72,2015
3,6,JUL 02,MCDONALD'S #21433 NEW WESTMINSTBC,1.05,2015
4,8,JUL 03,DESI TURKA INDIAN CUISINEBURNABY BC,18.84,2015
5,10,JUL 03,G&J FOOD BURNABY BC,6.30,2015
6,12,JUL 03,MCDONALD'S #21433 NEW WESTMINSTBC,1.05,2015
7,14,JUL 04,WAL-MART SUPERCENTER#5777NEW WESTMINSTBC,2.46,2015
8,16,JUL 04,WAL-MART SUPERCENTER#5777NEW WESTMINSTBC,19.61,2015
9,18,JUL 05,WALMART PORTRAITS25777 NEW WESTMINSTBC,27.99,2015
10,20,JUL 05,WAL-MART SUPERCENTER#5777NEW WESTMINSTBC,5.82,2015
11,22,JUL 05,WAL-MART SUPERCENTER#5777NEW WESTMINSTBC,11.65,2015
12,24,JUL 05,PAYMENT - THANK YOU / PAIEMENT - MERCI,-298.38,2015
13,26,JUL 06,G&J FOOD BURNABY BC,6.30,2015
14,28,JUL 06,MCDONALD'S #21433 NEW WESTMINSTBC,1.05,2015
15,30,JUL 07,CITY OF NEW WESTMINSTE 604-527-4646 BC,25.00,2015
16,32,JUL 07,G&J FOOD BURNABY BC,6.30,2015
17,34,JUL 07,MCDONALD'S #21433 NEW WESTMINSTBC,1.05,2015
18,36,JUL 08,SAVE ON FOODS #919 NEW WESTMINSTBC,7.20,2015
0,0,SEP 26,WAL-MART SUPERCENTER#5777NEW WESTMINSTBC,93.79,2015
1,4,SEP 26,WAL-MART SUPERCENTER#5777NEW WESTMINSTBC,-67.29,2015
2,8,SEP 26,WAL-MART SUPERCENTER#5777NEW WESTMINSTBC,15.30,2015
3,12,SEP 27,WAL-MART SUPERCENTER#3008BURNABY BC,8.77,2015
4,15,SEP 28,APL* ITUNES.COM/BILL 800-676-2775 ON,2.56,2015
5,19,SEP 28,MCDONALD'S #21433 NEW WESTMINSTBC,1.88,2015
6,23,SEP 29,ESSO 3965 NORTH ROAD BURNABY BC,40.00,2015
7,27,SEP 29,MCDONALD'S #40094 NEW WESTMINSTBC,4.03,2015
8,30,SEP 30,SHOPPERS DRUG MART #0279 NEW WESTMINSTBC,2.95,2015
9,34,OCT 01,MCDONALD'S #21433 NEW WESTMINSTBC,1.88,2015
10,38,OCT 02,SFU BOOKSTORE BURNABY BURNABY BC,50.97,2015
11,42,OCT 02,MCDONALD'S #21433 NEW WESTMINSTBC,1.88,2015
12,45,OCT 03,CIBC TORONTO,-2500.00,2015
13,48,OCT 03,WAL-MART SUPERCENTER#5777NEW WESTMINSTBC,1.93,2015
14,50,OCT 03,WAL-MART SUPERCENTER#5777NEW WESTMINSTBC,10.65,2015
15,52,OCT 03,MCDONALD'S #40094 NEW WESTMINSTBC,4.50,2015
0,3,NOV 01 NOV 02,STARBUCKS 00181 N WESTMINSTERBC,4.46,2015
1,7,NOV 02 NOV 03,TIM HORTONS #2257 WESTMINSTER BC,2.15,2015
2,10,NOV 02 NOV 03,SFU STARBUCKS BURNABY BC,2.00,2015
3,12,NOV 02 NOV 03,ESSO 3965 NORTH ROAD BURNABY BC,20.00,2015
4,14,NOV 02 NOV 03,MCDONALD'S #14908 BURNABY BC,5.53,2015
5,16,NOV 02 NOV 03,MCDONALD'S #40255 NEW WESTMINSTBC,1.88,2015
6,18,NOV 03 NOV 04,TIM HORTONS #2257 WESTMINSTER BC,2.01,2015
7,20,NOV 03 NOV 04,MCDONALD'S #14908 BURNABY BC,5.01,2015
8,22,NOV 04 NOV 04,CHARTWELLS - #67358 BURNABY BC,2.36,2015
9,24,NOV 04 NOV 04,CHARTWELLS - #67358 BURNABY BC,2.00,2015
10,26,NOV 04 NOV 05,CHARTWELLS - #67358 BURNABY BC,2.00,2015
11,28,NOV 04 NOV 05,QUESADA BURRITOS AND TACOBURNABY BC,7.02,2015
12,30,NOV 04 NOV 05,ESSO 3965 NORTH ROAD BURNABY BC,20.00,2015
13,32,NOV 05 NOV 05,CHARTWELLSSFURAVEQPS BURNABY BC,2.09,2015
14,34,NOV 05 NOV 06,CHARTWELLS - #67358 BURNABY BC,2.00,2015
15,36,NOV 05 NOV 06,MCDONALD'S #40255 NEW WESTMINSTBC,4.80,2015
16,38,NOV 06 NOV 06,CHARTWELLS - #67358 BURNABY BC,2.00,2015
17,40,NOV 06 NOV 09,CHARTWELLS - #67358 BURNABY BC,2.00,2015
18,42,NOV 06 NOV 09,SFU BOOKSTORE BURNABY BURNABY BC,11.20,2015
0,0,NOV 07,DADDYS DELIGHT PIZZA RICHMOND BC,9.50,2015
1,2,NOV 07,BC LIQUOR #097 NEW WESTMINSTBC,58.74,2015
2,4,NOV 08,WAL-MART SUPERCENTER#5777NEW WESTMINSTBC,3.97,2015
3,6,NOV 08,ESSO 3965 NORTH ROAD BURNABY BC,40.00,2015
4,8,NOV 08,MCDONALD'S #40094 NEW WESTMINSTBC,3.77,2015
5,10,NOV 09,CHARTWELLS - #67358 BURNABY BC,2.00,2015
6,12,NOV 09,TIM HORTONS #2257 WESTMINSTER BC,2.51,2015
7,14,NOV 09,WAL-MART SUPERCENTER#5777NEW WESTMINSTBC,38.25,2015
8,16,NOV 09,STARBUCKS SFU 67355 BURNABY BC,2.00,2015
9,18,NOV 09,MCDONALD'S #40094 NEW WESTMINSTBC,4.50,2015
10,20,NOV 10,PIZZA HUT #31105 NEW WESTMINSTBC,20.95,2015
11,22,NOV 10,SHELL 5 8 AVE NEW WESTMINSTBC,50.00,2015
12,24,NOV 11,A&W #0396 NEW WESTMINSTBC,4.20,2015
13,26,NOV 11,GNC #04282 NEW WESTMINSTBC,46.19,2015
14,28,NOV 11,WAL-MART SUPERCENTER#5777NEW WESTMINSTBC,1.00,2015
15,30,NOV 13,CHARTWELLSSFURAVEQPS BURNABY BC,2.09,2015
16,32,NOV 13,MONEY'S BEAUTY HAIR SA BURNABY BC,5.25,2015
17,34,NOV 13,CALVIN KLEIN #0418 RICHMOND BC,-44.52,2015
18,36,NOV 14,A&W #0709 VANCOUVER BC,4.73,2015
0,0,DEC 07,PIZZA HUT BURNABY BC,13.65,2015
1,2,DEC 08,STARBUCKS SFU 67355 BURNABY BC,2.00,2015
2,4,DEC 08,STARBUCKS SFU 67355 BURNABY BC,2.00,2015
3,6,DEC 09,SUSHI CALIFORNIA COQUITLAM BC,2.52,2015
4,8,DEC 09,WAL-MART SUPERCENTER#3057VANCOUVER BC,1.08,2015
5,10,DEC 09,A&W RESTAURANT 0744 NORTH VANCOUVBC,4.73,2015
6,12,DEC 09,CHEVRON 7009 E HASTINGS BURNABY BC,30.78,2015
7,14,DEC 10,NESTERS MARKET #80063 BURNABY BC,14.99,2015
8,16,DEC 10,STARBUCKS SFU 67355 BURNABY BC,2.00,2015
9,18,DEC 10,MCDONALD'S #12135 Q04 COQUITLAM BC,8.36,2015
10,20,DEC 11,DENNY'S 03-089 COQUITL COQUITLAM BC,17.70,2015
11,22,DEC 11,WAL-MART SUPERCENTER#3057VANCOUVER BC,2.87,2015
12,24,DEC 11,PAYMENT - THANK YOU / PAIEMENT - MERCI,-713.01,2015
13,26,DEC 12,WAL-MART SUPERCENTER#3057VANCOUVER BC,8.62,2015
14,28,DEC 12,APL* ITUNES.COM/BILL 800-676-2775 ON,1.33,2015
15,30,DEC 12,PINE SUSHI SQUARE NORTH VANCOUVBC,9.16,2015
16,32,DEC 13,ESSO 3965 NORTH ROAD BURNABY BC,40.00,2015
17,34,DEC 13,MCDONALD'S #1449 Q04 COQUITLAM BC,1.46,2015
18,36,DEC 14,CHARTWELLSSFUWHITQPS BURNABY BC,5.24,2015
0,0,DEC 16,STARBUCKS SFU 67355 BURNABY BC,2.00,2015
1,2,DEC 16,RYL COLUMBIAN HOSP QPS NEW WESTMINSTBC,5.13,2015
2,4,DEC 16,WAL-MART SUPERCENTER#3057VANCOUVER BC,2.10,2015
3,6,DEC 16,WAL-MART SUPERCENTER#3057VANCOUVER BC,14.71,2015
4,8,DEC 17,WAL-MART SUPERCENTER#1192NEW WESTMINSTBC,8.62,2015
5,10,DEC 17,WAL-MART SUPERCENTER#5777NEW WESTMINSTBC,22.40,2015
6,12,DEC 17,MCDONALD'S #21433 NEW WESTMINSTBC,9.50,2015
7,14,DEC 18,CINEPLEX ENTERTAINMENT 416-323-6600 ON,17.50,2015
8,16,DEC 18,QUESADA BURRITOS AND TACOBURNABY BC,7.02,2015
9,18,DEC 18,MCDONALD'S #14910 Q04 NORTH VANCOUVBC,2.91,2015
10,20,DEC 18,CHEVRON 7009 E HASTINGS BURNABY BC,46.44,2015
11,22,DEC 19,THE CRISPY COD NORTH VANCOUVBC,4.20,2015
12,24,DEC 19,DENNY'S 03-089 COQUITL COQUITLAM BC,13.84,2015
13,26,DEC 20,PAYMENT - THANK YOU / PAIEMENT - MERCI,-75.00,2015
14,28,DEC 20,MCDONALD'S #14910 Q04 NORTH VANCOUVBC,25.00,2015
15,30,DEC 20,MCDONALD'S #14910 Q04 NORTH VANCOUVBC,3.00,2015
16,32,DEC 20,PINE SUSHI SQUARE NORTH VANCOUVBC,9.81,2015
17,34,DEC 21,TELUS MOBILITY SCARBOROUGH ON,255.39,2015
18,36,DEC 21,WAL-MART SUPERCENTER#3057VANCOUVER BC,1.08,2015
0,0,NOV 28,TIM HORTONS - FOREST VANCOUVER BC,5.61,2016
1,4,NOV 28,MCDONALD'S #21433 NEW WESTMINSTBC,1.25,2016
2,8,NOV 29,STARBUCKS 04526 VANCOUVER BC,0.20,2016
3,12,NOV 29,STARBUCKS 04526 VANCOUVER BC,5.20,2016
4,15,NOV 29,TIM HORTONS - FOREST VANCOUVER BC,4.61,2016
5,19,NOV 29,CHEVRON 1720 NANAIMO ST VANCOUVER BC,50.09,2016
6,23,DEC 02,DENNY'S 03-087 VANCOUV VANCOUVER BC,10.73,2016
7,27,DEC 04,7 ELEVEN STORE #14850 COQUITLAM BC,5.80,2016
8,30,DEC 04,PIZZA HUT BURNABY BC,12.86,2016
9,34,DEC 06,RUNNING CHICKEN VANCOUVER BC,10.00,2016
10,38,DEC 06,UPPER CASE VANCOUVER BC,4.95,2016
11,42,DEC 07,CHEVRON 3 EAST EIGHTH AV NEW WESTMINSTBC,50.00,2016
12,45,DEC 07,BAMBOO GARDEN CHINESE RESBURNABY BC,9.44,2016
13,48,DEC 08,G&J FOOD LTD. RICHMOND BC,9.30,2016
14,50,DEC 09,NESTERS MARKET #80063 BURNABY BC,12.81,2016
15,52,DEC 09,CHEVRON 3 EAST EIGHTH AV NEW WESTMINSTBC,10.03,2016
0,0,JAN 26,STARBUCKS 00137 N WESTMINSTERBC,2.00,2016
1,4,JAN 26,PIZZA HUT #31105 NEW WESTMINSTBC,10.50,2016
2,8,JAN 26,SHELL 4191 NORTH RD BURNABY BC,40.75,2016
3,12,JAN 27,CHARTWELLSSFUMACKQPS BURNABY BC,5.24,2016
4,15,JAN 27,BAY SUSHI CAFE LTD VANCOUVER BC,11.81,2016
5,19,JAN 27,BELL MOBILITY VERDUN QC,160.83,2016
6,23,JAN 28,PLAYSTATION SONYENTERT 800-345-7669 ON,49.98,2016
7,27,JAN 28,WAL-MART SUPERCENTER#3057VANCOUVER BC,7.58,2016
8,30,JAN 28,WAL-MART SUPERCENTER#3057VANCOUVER BC,2.98,2016
9,34,JAN 28,PINE SUSHI SQUARE NORTH VANCOUVBC,9.95,2016
10,38,JAN 28,SIMON FRASER UNIVERSITY BURNABY BC,5.00,2016
11,42,JAN 28,PAYMENT - THANK YOU / PAIEMENT - MERCI,-1002.11,2016
12,45,JAN 29,CHARTWELLSSFURAVEQPS BURNABY BC,5.24,2016
13,48,JAN 29,PINE SUSHI SQUARE NORTH VANCOUVBC,9.95,2016
14,50,JAN 29,MICROSOFT *XBOXLIVE MISSISSAUGA ON,11.19,2016
15,52,JAN 30,MCDONALD'S #21433 NEW WESTMINSTBC,1.88,2016
0,0,JAN 31,WAL-MART SUPERCENTER#3057VANCOUVER BC,5.47,2016
1,2,JAN 31,WAL-MART SUPERCENTER#3057VANCOUVER BC,17.78,2016
2,4,JAN 31,MCDONALD'S #14910 Q04 NORTH VANCOUVBC,1.62,2016
3,6,JAN 31,PINE SUSHI SQUARE NORTH VANCOUVBC,9.95,2016
4,8,JAN 31,A&W CAPILANO MALL NORTH VANCOUVBC,2.63,2016
5,10,FEB 01,MCDONALD'S #21433 NEW WESTMINSTBC,1.88,2016
6,12,FEB 01,SIMON FRASER UNIVERSITY BURNABY BC,5.00,2016
7,14,FEB 02,PLAYSTATION SONYENTERT 800-345-7669 ON,14.99,2016
8,16,FEB 02,GUADALUPE RESTAURANTS BURNABY BC,9.19,2016
9,18,FEB 02,CHARTWELLSSFURAVEQPS BURNABY BC,2.30,2016
10,20,FEB 02,MCDONALD'S #21433 NEW WESTMINSTBC,1.88,2016
11,22,FEB 02,SIMON FRASER UNIVERSITY BURNABY BC,5.00,2016
12,24,FEB 03,SAFEWAY #4917 NEW WESTMINSTBC,5.81,2016
13,26,FEB 03,RENAISSANCE CAFE BURNABY BC,2.30,2016
14,28,FEB 03,CHEVRON 3 EAST EIGHTH AV NEW WESTMINSTBC,10.40,2016
15,30,FEB 04,SUSHI CALIFORNIA COQUITLAM BC,20.95,2016
16,32,FEB 04,SIMON FRASER UNIVERSITY BURNABY BC,5.00,2016
17,34,FEB 04,SIMON FRASER UNIVERSITY BURNABY BC,5.00,2016
18,36,FEB 05,KOYA JAPAN BURNABY BC,8.18,2016
0,0,FEB 25,STARBUCKS SFU 67355 BURNABY BC,2.00,2016
1,4,FEB 25,G&J FOOD BURNABY BC,8.40,2016
2,8,FEB 26,FATBURGER LOUGHEED BURNABY BC,10.49,2016
3,12,FEB 27,MCDONALD'S #14910 Q04 NORTH VANCOUVBC,3.00,2016
4,15,FEB 27,MCDONALD'S #14910 Q04 NORTH VANCOUVBC,2.10,2016
5,19,FEB 27,MCDONALD'S #14910 Q04 NORTH VANCOUVBC,4.29,2016
6,23,FEB 28,MICROSOFT *XBOXLIVE MISSISSAUGA ON,11.19,2016
7,27,FEB 28,MCDONALD'S #14910 Q04 NORTH VANCOUVBC,2.10,2016
8,30,FEB 28,PINE SUSHI SQUARE NORTH VANCOUVBC,8.96,2016
9,34,FEB 29,L A SUSHI BURNABY BC,13.86,2016
10,38,MAR 01,PLAYSTATION SONYENTERT 800-345-7669 ON,39.99,2016
11,42,MAR 02,G&J FOOD BURNABY BC,8.40,2016
12,45,MAR 02,STARBUCKS SFU 67355 BURNABY BC,2.00,2016
13,48,MAR 02,QUESADA BURRITOS AND TACOBURNABY BC,7.02,2016
14,50,MAR 03,BOOSTERJUICE 117 LANGLEY BC,4.25,2016
15,52,MAR 04,OPA070-LANGLEY LANGLEY BC,10.28,2016
0,0,MAR 04,MCDONALD'S #14910 Q04 NORTH VANCOUVBC,2.10,2016
1,2,MAR 04,SHELL 6511 HASTINGS ST BURNABY BC,20.00,2016
2,4,MAR 05,SUSHI TOWN RESTAURANT NORTH VANCOUVBC,14.12,2016
3,6,MAR 06,WAL-MART SUPERCENTER#3057VANCOUVER BC,1.08,2016
4,8,MAR 06,SUSHI TOWN RESTAURANT NORTH VANCOUVBC,16.91,2016
5,10,MAR 06,SUSHI TOWN RESTAURANT NORTH VANCOUVBC,11.45,2016
6,12,MAR 06,ESSO 3965 NORTH ROAD BURNABY BC,40.00,2016
7,14,MAR 08,SUSHI CALIFORNIA COQUITLAM BC,10.45,2016
8,16,MAR 09,SUSHI CALIFORNIA COQUITLAM BC,10.45,2016
9,18,MAR 12,WAL-MART SUPERCENTER#3057VANCOUVER BC,11.52,2016
10,20,MAR 12,STARBUCKS SFU 67355 BURNABY BC,2.00,2016
11,22,MAR 13,CHURCH'S CHICKEN VANCOUVER BC,6.05,2016
12,24,MAR 13,PINE SUSHI SQUARE NORTH VANCOUVBC,7.16,2016
13,26,MAR 14,KOYA JAPAN BURNABY BC,8.18,2016
14,28,MAR 14,STARBUCKS SFU 67355 BURNABY BC,2.00,2016
15,30,MAR 14,ESSO 3965 NORTH ROAD BURNABY BC,40.00,2016
16,32,MAR 14,MCDONALD'S #1449 Q04 COQUITLAM BC,1.88,2016
17,34,MAR 15,G&J FOOD BURNABY BC,8.40,2016
18,36,MAR 15,PIZZA HUT BURNABY BC,13.64,2016
0,0,MAR 17,SIMON FRASER UNIVERSITY BURNABY BC,5.00,2016
1,2,MAR 17,SIMON FRASER UNIVERSITY BURNABY BC,5.00,2016
2,4,MAR 18,SUSHI TOWN RESTAURANT NORTH VANCOUVBC,10.45,2016
3,6,MAR 18,MCDONALD'S #21433 NEW WESTMINSTBC,6.39,2016
4,8,MAR 18,STARBUCKS SFU 67355 BURNABY BC,2.00,2016
5,10,MAR 19,WAL-MART SUPERCENTER#3057VANCOUVER BC,2.24,2016
6,12,MAR 19,CHARTWELLS - #67358 BURNABY BC,2.00,2016
7,14,MAR 19,TOMMY HILFIGER #0720 NEW WESTMINSTBC,54.49,2016
8,16,MAR 19,MCDONALD'S #14910 Q04 NORTH VANCOUVBC,4.65,2016
9,18,MAR 19,MCDONALD'S #14910 Q04 NORTH VANCOUVBC,2.10,2016
10,20,MAR 20,WAL-MART SUPERCENTER#3057VANCOUVER BC,4.00,2016
11,22,MAR 20,STARBUCKS 04440 N VANCOUVER BC,2.00,2016
12,24,MAR 20,PAYMENT - THANK YOU / PAIEMENT - MERCI,-586.57,2016
13,26,MAR 20,MCDONALD'S #14910 Q04 NORTH VANCOUVBC,1.88,2016
14,28,MAR 20,PINE SUSHI SQUARE NORTH VANCOUVBC,9.87,2016
15,30,MAR 20,MCDONALD'S #21433 NEW WESTMINSTBC,4.29,2016
16,32,MAR 20,ESSO 3965 NORTH ROAD BURNABY BC,43.61,2016
17,34,MAR 21,STARBUCKS SFU 67355 BURNABY BC,2.00,2016
18,36,MAR 21,KOYA JAPAN BURNABY BC,9.85,2016
0,0,SEP 02,FAMOUS PLAYER 1412QPS COQUITLAM BC,3.34,2016
1,2,SEP 02,THRIFTY FOODS 9474 VANCOUVER BC,7.69,2016
2,4,SEP 02,WAL-MART SUPERCENTER#3008BURNABY BC,0.98,2016
3,6,SEP 02,ESSO 3965 NORTH ROAD BURNABY BC,40.00,2016
4,8,SEP 03,TENTATSU BURNABY BC,27.72,2016
5,10,SEP 04,WAL-MART SUPERCENTER#3057VANCOUVER BC,6.51,2016
6,12,SEP 04,GROUPON CANADAINC 877-788-7858 QC,40.00,2016
7,14,SEP 05,WAL-MART SUPERCENTER#3008BURNABY BC,6.65,2016
8,16,SEP 05,DRIVE BADMINTON CENTRE RICHMOND BC,14.00,2016
9,18,SEP 05,MCDONALD'S #12417 QPS COQUITLAM BC,2.09,2016
10,20,SEP 06,SFU BOOKSTORE BURNABY BURNABY BC,158.83,2016
11,22,SEP 07,HOUSE OF TOFU SOUP BURNABY BC,13.89,2016
12,24,SEP 08,SHAW CABLESYSTEMS CALGARY AB,44.77,2016
13,26,SEP 09,BUBBLE WAFFLE HOUSE BURNABY BC,8.35,2016
14,28,SEP 09,WAL-MART SUPERCENTER#1205SURREY BC,25.32,2016
15,30,SEP 09,SFU BOOKSTORE BURNABY BURNABY BC,265.65,2016
16,32,SEP 09,TEXTBOOKRENTAL.CA OTTAWA ON,112.49,2016
17,34,SEP 09,STARBUCKS 04941 SURREY BC,2.00,2016
18,36,SEP 09,BEST SUSHI N KITCHEN COQUITLAM BC,33.32,2016
0,0,JUL 27,STARBUCKS SFU 67355 BURNABY BC,2.10,2016
1,4,JUL 28,ESSO 3965 NORTH ROAD BURNABY BC,20.00,2016
2,8,JUL 29,SFU BOOKSTORE BURNABY BURNABY BC,0.84,2016
3,12,JUL 30,MCDONALD'S #14910 Q04 NORTH VANCOUVBC,1.05,2016
4,15,JUL 30,A&W CAPILANO MALL NORTH VANCOUVBC,6.62,2016
5,19,JUL 31,MCDONALD'S #14910 Q04 NORTH VANCOUVBC,1.05,2016
6,23,JUL 31,ESSO 3965 NORTH ROAD BURNABY BC,20.00,2016
7,27,JUL 31,A&W CAPILANO MALL NORTH VANCOUVBC,6.28,2016
8,30,AUG 01,SAVE ON FOODS #2221 BURNABY BC,11.36,2016
9,34,AUG 01,SUSHI CALIFORNIA COQUITLAM BC,6.64,2016
10,38,AUG 02,WAL-MART SUPERCENTER#3057VANCOUVER BC,0.17,2016
11,42,AUG 02,WAL-MART SUPERCENTER#3057VANCOUVER BC,1.08,2016
12,45,AUG 02,MCDONALD'S #14910 Q04 NORTH VANCOUVBC,1.05,2016
13,48,AUG 03,BEST BUY #941 RICHMOND BC,336.44,2016
14,50,AUG 03,ESSO 3965 NORTH ROAD BURNABY BC,40.00,2016
15,52,AUG 04,STARBUCKS SFU 67355 BURNABY BC,4.78,2016
0,0,APR 26,DENNY'S 03-089 COQUITL COQUITLAM BC,10.26,2016
1,4,APR 26,ESSO 3965 NORTH ROAD BURNABY BC,40.00,2016
2,8,APR 27,WAL-MART SUPERCENTER#3057VANCOUVER BC,224.01,2016
3,12,APR 28,"TREO, PORT MANN BRIDGE TOCOQUITLAM BC",10.90,2016
4,15,APR 28,BELL MOBILITY VERDUN QC,186.83,2016
5,19,APR 28,PHO 51 PORT COQUITLABC,11.77,2016
6,23,APR 29,TIM HORTONS 3965 QTH PORT COQUITLABC,2.30,2016
7,27,APR 29,ESSO 3965 NORTH ROAD BURNABY BC,40.00,2016
8,30,MAY 02,PINE SUSHI SQUARE NORTH VANCOUVBC,8.51,2016
9,34,MAY 03,WAL-MART SUPERCENTER#1112PORT COUQUITLBC,6.79,2016
10,38,MAY 04,SHAW CABLESYSTEMS CALGARY AB,23.44,2016
11,42,MAY 05,PLAYSTATION SONYENTERT 800-345-7669 ON,19.99,2016
12,45,MAY 06,FONG HOLDINGS LTD - AUTO BURNABY BC,7.50,2016
13,48,MAY 06,NIKE FACTORY OUTLET MC RICHMOND BC,-20.15,2016
14,50,MAY 06,PETROCAN-710 SE MARINE DRVANCOUVER BC,40.00,2016
15,52,MAY 07,WAL-MART SUPERCENTER#3057VANCOUVER BC,1.08,2016
0,0,MAY 07,WAL-MART SUPERCENTER#3057VANCOUVER BC,9.95,2016
1,2,MAY 07,WAL-MART SUPERCENTER#3057VANCOUVER BC,1.52,2016
2,4,MAY 07,NIKE FACTORY OUTLET MC RICHMOND BC,43.64,2016
3,6,MAY 07,UNDER ARMOUR VANCOUVER RICHMOND BC,60.45,2016
4,8,MAY 07,LINDT & SPRUNGLI RICHMOND BC,6.24,2016
5,10,MAY 07,STARBUCKS 04440 N VANCOUVER BC,2.59,2016
6,12,MAY 07,SAVE ON FOODS #2249 N VANCOUVER BC,8.43,2016
7,14,MAY 08,FIVE GUYS BURGERS FRI PORT COQUITLABC,4.92,2016
8,16,MAY 08,WAL-MART SUPERCENTER#1112PORT COUQUITLBC,1.31,2016
9,18,MAY 08,MCDONALD'S #40343 PORT COQUITLABC,1.05,2016
10,20,MAY 08,MCDONALD'S #40343 PORT COQUITLABC,1.05,2016
11,22,MAY 09,SAVE ON FOODS #2249 N VANCOUVER BC,6.21,2016
12,24,MAY 09,MCDONALD'S #14910 Q04 NORTH VANCOUVBC,1.05,2016
13,26,MAY 09,MCDONALD'S #14910 Q04 NORTH VANCOUVBC,1.05,2016
14,28,MAY 10,SUSHI TOWN RESTAURANT NORTH VANCOUVBC,10.45,2016
15,30,MAY 10,STARBUCKS 04440 N VANCOUVER BC,2.33,2016
16,32,MAY 10,MCDONALD'S #14910 Q04 NORTH VANCOUVBC,1.05,2016
17,34,MAY 11,SAFEWAY #4917 NEW WESTMINSTBC,5.09,2016
18,36,MAY 11,SIMON FRASER UNIVERSITY BURNABY BC,3.25,2016
0,0,APR 03,APL* ITUNES.COM/BILL 800-676-2775 ON,1.29,2016
1,4,APR 05,ESSO 3965 NORTH ROAD BURNABY BC,40.00,2016
2,8,APR 13,MUNDIES ROYAL CITY TOWINBURNABY BC,113.07,2016
3,12,APR 13,BONNY'S TAXI QC 89 BURNABY BC,17.70,2016
4,15,APR 17,WAL-MART SUPERCENTER#3008BURNABY BC,5.60,2016
5,19,APR 18,WAL-MART SUPERCENTER#3008BURNABY BC,10.22,2016
6,23,APR 18,ESSO 3965 NORTH ROAD BURNABY BC,40.00,2016
7,27,APR 20,PLAYSTATION SONYENTERT 800-345-7669 ON,14.99,2016
8,30,APR 20,PHO LICIOUS RICHMOND BC,7.25,2016
9,33,APR 20,SIMON FRASER UNIVERSITY BURNABY BC,5.00,2016
10,35,APR 20,SIMON FRASER UNIVERSITY BURNABY BC,5.00,2016
11,37,APR 21,IMPARK00010123U VANCOUVER BC,5.00,2016
0,0,JUN 27,KFC/TACO BELL #1840 DELTA BC,8.91,2016
1,4,JUN 27,ESSO 3965 NORTH ROAD BURNABY BC,20.00,2016
2,8,JUN 28,WAL-MART SUPERCENTER#5838SURREY BC,1.33,2016
3,12,JUN 28,WAL-MART SUPERCENTER#5838SURREY BC,25.73,2016
4,15,JUN 28,NORDEL SUSHI SURREY BC,14.38,2016
5,19,JUN 30,QUESADA BURRITOS AND TACOBURNABY BC,9.02,2016
6,23,JUN 30,DENNY'S 03-071 VANCOUV VANCOUVER BC,15.70,2016
7,27,JUN 30,STARBUCKS 00174 VANCOUVER BC,2.00,2016
8,30,JUN 30,CHEVRON 496 E COLUMBIA S NEW WESTMINSTBC,20.18,2016
9,34,JUL 01,MCDONALD'S #14908 BURNABY BC,1.05,2016
10,38,JUL 01,SHAW CABLESYSTEMS CALGARY AB,89.12,2016
11,42,JUL 02,KFC/TACO BELL #1840 DELTA BC,7.63,2016
12,45,JUL 02,MCDONALD'S #40141 SURREY BC,1.05,2016
13,48,JUL 03,WAL-MART SUPERCENTER#5838SURREY BC,1.40,2016
14,50,JUL 03,WAL-MART SUPERCENTER#5838SURREY BC,1.33,2016
15,52,JUL 03,NORDEL SUSHI SURREY BC,14.79,2016
0,0,JUL 04,ESSO 3965 NORTH ROAD BURNABY BC,20.00,2016
1,2,JUL 05,TACOREANO RESTAURANT COQUITLAM BC,23.10,2016
2,4,JUL 08,SHELL 5 8 AVE NEW WESTMINSTBC,20.00,2016
3,6,JUL 10,WAL-MART SUPERCENTER#3057VANCOUVER BC,21.94,2016
4,8,JUL 10,ESSO 3965 NORTH ROAD BURNABY BC,40.00,2016
5,10,JUL 11,ESSO 3965 NORTH ROAD BURNABY BC,4.50,2016
6,12,JUL 12,WAL-MART SUPERCENTER#1112PORT COUQUITLBC,3.10,2016
7,14,JUL 12,MCDONALD'S #40343 PORT COQUITLABC,1.05,2016
8,16,JUL 15,ALDO #1036 BURNABY BC,39.20,2016
9,18,JUL 15,EBISU ON ROBSON VANCOUVER BC,37.19,2016
10,20,JUL 15,WAL-MART SUPERCENTER#3008BURNABY BC,15.01,2016
11,22,JUL 15,PAYMENT - THANK YOU / PAIEMENT - MERCI,-664.77,2016
12,24,JUL 16,WAL-MART SUPERCENTER#3057VANCOUVER BC,1.13,2016
13,26,JUL 17,WAL-MART SUPERCENTER#3057VANCOUVER BC,5.05,2016
14,28,JUL 17,MCDONALD'S #14910 Q04 NORTH VANCOUVBC,3.85,2016
15,30,JUL 17,MCDONALD'S #14910 Q04 NORTH VANCOUVBC,1.05,2016
16,32,JUL 18,7-ELEVEN #17759 D2821 COQUITLAM BC,1.77,2016
17,34,JUL 18,ESSO 3965 NORTH ROAD BURNABY BC,4.50,2016
18,36,JUL 18,VINCI PARK - CANADA PLACEVANCOUVER BC,9.00,2016
0,0,AUG 26,SAVE ON FOODS #2221 BURNABY BC,5.37,2018
1,4,AUG 27,BONO CAFE COQUITLAM BC,3.68,2018
2,8,AUG 27,WHITE SPOT #117 BURNABY BC,19.31,2018
3,12,AUG 30,TAP & BARREL BREWHALL VANCOUVER BC,7.77,2018
4,15,AUG 30,SAPPERTON TOWN PANTRY PAPNEW WESTMINSTBC,20.00,2018
5,19,AUG 30,MANNA SUSHI JAPANESE RESTVANCOUVER BC,15.10,2018
6,23,AUG 30,MCDONALD'S #21433 MYMCDS NEW WESTMINSTBC,2.10,2018
7,27,AUG 31,BC LIQUOR #203 BURNABY BC,16.69,2018
8,30,AUG 31,PAYMENT - THANK YOU / PAIEMENT - MERCI,-581.64,2018
9,34,SEP 01,EARL'S KINGSWAY BURNABY BC,18.45,2018
10,38,SEP 02,HANNAM SUPERMARKET BURNABBURNABY BC,6.99,2018
11,42,SEP 02,SULBING CAFE BURNABY BC,17.27,2018
12,45,SEP 03,"ATOM TICKETS, LLC 3106272866 CA",34.00,2018
13,48,SEP 04,SPOTIFY P07504C8C8 STOCKHOLM,4.99,2018
14,50,SEP 05,SFU STB WEST # 87275702 BURNABY BC,4.46,2018
15,52,SEP 05,ESSO 3965 NORTH ROAD BURNABY BC,20.00,2018
0,0,SEP 06,DAMACAN SUSHI BURNABY BC,39.00,2018
1,2,SEP 07,NW PARKING SERVICES NEW WESTMINSTBC,1.00,2018
2,4,SEP 07,MCDONALD'S #21433 NEW WESTMINSTBC,4.19,2018
3,6,SEP 07,CACTUS CLUB COQUITLAM COQUITLAM BC,19.38,2018
4,8,SEP 08,COMPASS VENDING BURNABY BC,5.00,2018
5,10,SEP 08,COMPASS ACCOUNT BURNABY BC,2.95,2018
6,12,SEP 09,MYOUNG DONG KAHL GOOK SOOBURNABY BC,10.00,2018
7,14,SEP 09,SAPPERTON TOWN PANTRY PAPNEW WESTMINSTBC,20.00,2018
8,16,SEP 09,MCDONALD'S #21433 NEW WESTMINSTBC,3.98,2018
9,18,SEP 09,WOODS SPORTS PUB COQUITLAM BC,8.60,2018
10,20,SEP 10,SUBWAY 07752 SURREY BC,4.19,2018
11,22,SEP 11,AMAZON.CA AMAZON.CA ON,34.91,2018
12,24,SEP 11,SHAW CABLESYSTEMS CALGARY AB,53.16,2018
13,26,SEP 11,QUEENS PARK TOWN PANTRY PNEW WESTMINSTBC,20.00,2018
14,28,SEP 11,QUESADA MEXICAN GRILL NEW WESTMINSTBC,9.86,2018
15,30,SEP 12,IMPARK00012298U NEW WESTMINSTBC,2.00,2018
16,32,SEP 12,"ATOM TICKETS, LLC 3106272866 CA",-8.50,2018
17,34,SEP 12,SFU STB WEST # 87275702 BURNABY BC,2.36,2018
18,36,SEP 14,MCDONALD'S #40251 BURNABY BC,12.16,2018
0,0,FEB 28,MCDONALD'S #21433 NEW WESTMINSTBC,1.05,2018
1,2,MAR 01,NESTERS MARKET #80063 BURNABY BC,16.58,2018
2,4,MAR 01,HOPS NEW WESTMINSTBC,47.38,2018
3,6,MAR 02,CIBC TORONTO,-190.00,2018
4,8,MAR 02,TELUS MOBILITY SCARBOROUGH ON,189.62,2018
5,10,MAR 02,ZAAKI DONAIR N WESTMINSTERBC,21.00,2018
6,12,MAR 02,FRENCHIES MONTREAL SMOKEDVANCOUVER BC,16.17,2018
7,14,MAR 03,COMPASS VENDING BURNABY BC,5.00,2018
8,16,MAR 03,COMPASS VENDING BURNABY BC,5.00,2018
9,18,MAR 04,PAYPAL *RUKSHANAH1 4029357733 ON,29.78,2018
10,20,MAR 04,CHURCH'S CHICKEN COQUITLAM BC,2.63,2018
11,22,MAR 04,COQUITLAM CHEERS CHICKEN COQUITLAM BC,19.50,2018
0,0,MAY 27,SAVE ON FOODS #2221 BURNABY BC,9.16,2018
1,4,MAY 28,AMAZON *MARKETPLCE CA WWW.AMAZON.CAON,15.55,2018
2,8,MAY 29,CINEPLEX ENTERTAINMENT 416-323-6600 ON,15.30,2018
3,12,MAY 30,BIG CHICKEN TOWN (COQU COQUITLAM BC,26.51,2018
4,15,MAY 31,ESSO 3965 NORTH ROAD BURNABY BC,20.00,2018
5,19,JUN 01,"ATOM TICKETS, LLC 3106272866 CA",12.00,2018
6,23,JUN 01,FRESH BOX BURNABY BC,6.95,2018
7,27,JUN 01,MCDONALD'S #21433 MYMCDS NEW WESTMINSTBC,4.08,2018
8,30,JUN 01,PAYBYPHONE BURNABY VANCOUVER BC,0.33,2018
9,34,JUN 01,PAYMENT - THANK YOU / PAIEMENT - MERCI,-498.00,2018
10,38,JUN 02,WAL-MART SUPERCENTER#5777NEW WESTMINSTBC,40.42,2018
11,42,JUN 02,MCDONALD'S #40094 NEW WESTMINSTBC,1.05,2018
12,45,JUN 03,DELICIOUS PHO COQUITLAM BC,10.98,2018
13,48,JUN 03,PETROCAN-829 BRUNETTE AVECOQUITLAM BC,20.00,2018
14,50,JUN 04,MASTER BILLIARDS COQUITLAM BC,8.47,2018
15,52,JUN 04,SPOTIFY P06398B8E1 STOCKHOLM,4.99,2018
0,0,APR 03,FANDINE TECHNOLOGIES L VANCOUVER BC,3.45,2018
1,2,APR 04,TIM HORTONS #7536 BURNABY BC,1.88,2018
2,4,APR 04,SPOTIFY P05817BAD9 STOCKHOLM,4.99,2018
3,6,APR 05,FANDINE TECHNOLOGIES L VANCOUVER BC,1.00,2018
4,8,APR 05,CLUB ILIA BURNABY BC,10.14,2018
0,0,DEC 02,CENTENNIAL TOWN PANTRY BURNABY BC,4.02,2018
1,2,DEC 02,MCDONALD'S #21433 NEW WESTMINSTBC,2.61,2018
2,4,DEC 02,MCDONALD'S #29716 MYMCDS BURNABY BC,1.77,2018
3,6,DEC 03,WAL-MART SUPERCENTER#1213BURNABY BC,13.29,2018
4,8,DEC 03,PHO 99 RESTAURANT COQUITLAM BC,11.55,2018
5,10,DEC 03,AMZN MKTP CA*M04E55HR1 WWW.AMAZON.CAON,34.22,2018
6,12,DEC 04,SPOTIFY P08878E1BA STOCKHOLM,4.99,2018
7,14,DEC 04,CENTENNIAL TOWN PANTRY BURNABY BC,4.02,2018
8,16,DEC 04,MCDONALD'S #40255 MYMCDS NEW WESTMINSTBC,1.05,2018
9,18,DEC 04,ESSO 780 6TH STREET NEW WEST BC,20.00,2018
10,20,DEC 05,CIBC TORONTO,-125.00,2018
11,22,DEC 05,CENTENNIAL TOWN PANTRY BURNABY BC,24.02,2018
12,24,DEC 06,KAWA SUSHI JAPANESE RESTAVANCOUVER BC,7.90,2018
13,26,DEC 07,STARBUCKS CARD RELOAD 800-782-7282 ON,25.00,2018
14,28,DEC 07,CACTUS CLUB COQUITLAM COQUITLAM BC,22.31,2018
15,30,DEC 08,CENTENNIAL TOWN PANTRY BURNABY BC,4.02,2018
16,32,DEC 08,MCDONALD'S #23911 MYMCDS SURREY BC,3.15,2018
17,34,DEC 09,WAL-MART SUPERCENTER#3008BURNABY BC,15.52,2018
18,36,DEC 09,KRISHNAS DOSA GRILL SURREY BC,13.60,2018
0,0,JUL 30,WHITE SPOT #163 BURNABY BC,12.75,2018
1,4,JUL 30,SAPPERTON TOWN PANTRY PAPNEW WESTMINSTBC,20.00,2018
2,8,AUG 01,A&W SFU #773 BURNABY BC,6.81,2018
3,12,AUG 02,TAP & BARREL BREWHALL VANCOUVER BC,7.77,2018
4,15,AUG 02,TAP & BARREL BREWHALL VANCOUVER BC,11.58,2018
5,19,AUG 02,TAP & BARREL BREWHALL VANCOUVER BC,7.77,2018
6,23,AUG 02,MCDONALD'S #8078 Q04 VANCOUVER BC,2.63,2018
7,27,AUG 02,11170 MACS CONV. STORES NEW WESTMINISBC,2.61,2018
8,30,AUG 04,MCDONALD'S #23911 Q04 SURREY BC,9.19,2018
9,34,AUG 04,CITY OF WHITE ROCK - TICKWHITE ROCK BC,2.42,2018
10,38,AUG 04,ZAAKI DONAIR N WESTMINSTERBC,8.93,2018
11,42,AUG 05,FONG HOLDINGS LTD - AUTO BURNABY BC,7.00,2018
12,45,AUG 06,BR FACTORY STORE 7616 VANCOUVER BC,30.78,2018
13,48,AUG 06,SPOTIFY P06F3DEE35 STOCKHOLM,4.99,2018
14,50,AUG 08,SHAW CABLESYSTEMS CALGARY AB,44.80,2018
15,52,AUG 08,MCDONALD'S #12135 Q04 COQUITLAM BC,1.83,2018
0,0,OCT 26,DAMSO RESTAURANT BUTE LTDVANCOUVER BC,28.28,2018
1,4,OCT 27,TELUS MOBILITY PREAUTH CALGARY AB,119.43,2018
2,8,OCT 27,COQUITLAM CHEERS CHICKEN COQUITLAM BC,10.58,2018
3,12,OCT 27,MCDONALD'S #23911 MYMCDS SURREY BC,1.88,2018
4,15,OCT 28,SAFEWAY #4917 NEW WESTMINSTBC,15.99,2018
5,19,OCT 28,A&W STORE # 0573 SURREY BC,4.73,2018
6,23,OCT 28,KOODO MOBILE PAC EDMONTON AB,36.20,2018
7,27,OCT 28,MCDONALD'S #23911 MYMCDS SURREY BC,1.88,2018
8,30,OCT 29,FRESHII - 1170 BURNABY BC,9.44,2018
9,34,OCT 30,KI SUSHI JAPANESE RESTAURNEW WESTMINSTBC,13.58,2018
10,38,OCT 30,MCDONALD'S #40251 BURNABY BC,4.19,2018
11,42,OCT 30,ESSO 12808 KING GEORGE HWSURREY BC,40.00,2018
12,45,OCT 30,SAVE ON FOODS #2228 BURNABY BC,2.39,2018
13,48,OCT 31,SFU J DOUGLAS # 87275004 BURNABY BC,9.23,2018
14,50,NOV 01,DENNY'S #9300 SURREY BC,146.42,2018
15,52,NOV 02,DENNY'S 03-089 COQUITL COQUITLAM BC,23.52,2018
0,0,NOV 04,PHO99 VIETNAMESE NOODL COQUITLAM BC,58.63,2018
1,2,NOV 04,SPOTIFY P081D4B6DF STOCKHOLM,4.99,2018
2,4,NOV 04,THE HOLY CRAB VANCOUVER BC,15.38,2018
3,6,NOV 04,ESSO 3965 NORTH ROAD BURNABY BC,40.00,2018
4,8,NOV 06,WONHO HAIR SALON COQUITLAM BC,18.11,2018
5,10,NOV 06,PHO 99 RESTAURANT COQUITLAM BC,13.24,2018
6,12,NOV 06,DEPENDABLE BRAKES&MUFFLERNEW WESTMINSTBC,44.80,2018
7,14,NOV 07,CIBC TORONTO,-180.00,2018
8,16,NOV 07,MCDONALD'S #12135 Q04 COQUITLAM BC,2.09,2018
9,18,NOV 08,QUEENS PARK TOWN PANTRY NEW WESTMINSTBC,4.02,2018
10,20,NOV 08,MCDONALD'S #21433 MYMCDS NEW WESTMINSTBC,2.09,2018
11,22,NOV 09,MASTER BILLIARDS COQUITLAM BC,9.24,2018
12,24,NOV 09,MCDONALD'S #10429 SQUAMISH BC,3.14,2018
13,26,NOV 09,MCDONALD'S #10429 SQUAMISH BC,3.14,2018
14,28,NOV 09,BC LIQUOR #097 NEW WESTMINSTBC,47.35,2018
0,0,NOV 13,CHATIME BURNABY BC,5.57,2018
1,2,NOV 13,ZARA RICHMOND #9279 RICHMOND BC,44.69,2018
2,4,NOV 14,RAMEN GAOH BURNABY BC,14.79,2018
3,6,NOV 15,MCDONALD'S #40251 MYMCDS BURNABY BC,2.09,2018
4,8,NOV 15,GREEN LEAF CAFE BURNABY BC,24.70,2018
5,10,NOV 16,REVENUE SERVICES BC VICTORIA BC,23.00,2018
6,12,NOV 17,STARBUCKS CARD RELOAD 800-782-7282 ON,10.00,2018
7,14,NOV 17,COQUITLAM CHEERS CHICKEN COQUITLAM BC,42.30,2018
8,16,NOV 17,ROYAL CITY TAXI # 90 NEW WESTMINSTBC,54.70,2018
9,18,NOV 18,VANCOUVER TAXI VANCOUVER BC,48.40,2018
10,20,NOV 19,COQ CENTENNIAL ACTIVIT COQUITLAM BC,4.75,2018
11,22,NOV 19,PETROCAN-1969 WILLINGDON BURNABY BC,40.00,2018
12,24,NOV 19,MCDONALD'S #40251 MYMCDS BURNABY BC,13.10,2018
13,26,NOV 20,WAL-MART SUPERCENTER#1213BURNABY BC,5.00,2018
14,28,NOV 20,T&T SUPERMARKET #001 BURNABY BC,13.98,2018
15,30,NOV 21,BLOSSOM TEAS BURNABY BC,8.98,2018
16,32,NOV 22,"ATOM TICKETS, LLC 3106272866 CA",17.00,2018
17,34,NOV 22,CENTENNIAL TOWN PANTRY BURNABY BC,4.02,2018
18,36,NOV 24,WAVES COFFEE HSE COLUMBIANEW WESTMINSTBC,9.35,2018
0,0,JAN 25,G&J FOOD LTD. RICHMOND BC,6.25,2018
1,4,JAN 26,A&W #0773 SFU BURNABY BC,6.81,2018
2,8,JAN 26,MINISO CANADA BURNABY BC,16.79,2018
3,12,JAN 27,WINGS ON GRANVILLE VANCOUVER BC,15.95,2018
4,15,JAN 30,BR FACTORY STORE 7616 VANCOUVER BC,55.99,2018
5,19,JAN 30,ICBC #59037 NEW WESTMINSTBC,421.23,2018
6,23,JAN 30,ESSO 736 6TH AVENUE NEW WESTMINSTBC,20.00,2018
7,27,FEB 01,IMPARK00010644U N VANCOUVER BC,7.00,2018
8,30,FEB 02,EBISU ON ROBSON VANCOUVER BC,14.38,2018
9,34,FEB 02,MCDONALD'S #12135 Q04 COQUITLAM BC,14.44,2018
10,38,FEB 02,CITY OF VAN PAYBYPHONE VANCOUVER BC,1.00,2018
11,42,FEB 02,CITY OF VAN PAYBYPHONE VANCOUVER BC,0.50,2018
12,45,FEB 02,CITY OF VAN PAYBYPHONE VANCOUVER BC,0.33,2018
13,48,FEB 03,SOBEYS LIQUOR 5397 COQUITLAM BC,16.11,2018
14,50,FEB 03,HOPS NEW WESTMINSTBC,32.91,2018
15,52,FEB 03,ESSO 3965 NORTH ROAD BURNABY BC,20.00,2018
0,0,SEP 26,MCDONALD'S #40251 MYMCDS BURNABY BC,2.09,2018
1,4,SEP 26,ESSO 3965 NORTH ROAD BURNABY BC,20.00,2018
2,8,SEP 27,TELUS MOBILITY PREAUTH CALGARY AB,138.70,2018
3,12,SEP 28,KOODO MOBILE PAC EDMONTON AB,36.20,2018
4,15,SEP 29,SUSHI WELL NEW WESTMINSTBC,4.46,2018
5,19,SEP 29,AJUKER FRIED CHICKEN COQUITLAM BC,17.32,2018
6,23,SEP 29,PIZZA HUT BURNABY BC,10.50,2018
7,27,SEP 30,IMPARK00012221U VANCOUVER BC,2.00,2018
8,30,SEP 30,MCDONALD'S #21433 NEW WESTMINSTBC,4.29,2018
9,34,SEP 30,SKYBRIDGE TOWN PANTRY PAPSURREY BC,20.00,2018
10,38,OCT 03,MCDONALD'S #12135 MYMCDS COQUITLAM BC,1.88,2018
11,42,OCT 04,SPOTIFY P07B67E998 STOCKHOLM,4.99,2018
12,45,OCT 05,FRESHII - 1170 BURNABY BC,9.44,2018
13,48,OCT 05,ROYAL OAK TOWN PANTRY PAPBURNABY BC,20.00,2018
14,50,OCT 05,MCDONALD'S #21433 NEW WESTMINSTBC,1.88,2018
15,52,OCT 06,STARBUCKS 00137 N WESTMINSTERBC,2.26,2018
0,3,OCT 07 OCT 10,WAL-MART SUPERCENTER#3008BURNABY BC,42.19,2018
1,6,OCT 07 OCT 11,NAGOYA SURREY BC,10.49,2018
2,9,OCT 08 OCT 09,GREEN TIMBERS LIQUOR S SURREY BC,11.35,2018
3,12,OCT 08 OCT 09,MCDONALD'S #40255 MYMCDS NEW WESTMINSTBC,1.88,2018
4,14,OCT 09 OCT 12,WAL-MART SUPERCENTER#3008BURNABY BC,9.76,2018
5,16,OCT 09 OCT 10,LITTLE TEA HOUSE BURNABY BC,5.25,2018
6,20,OCT 10 OCT 11,PIZZA HUT #31105 NEW WESTMINSTBC,9.44,2018
7,23,OCT 10 OCT 11,ROYAL OAK TOWN PANTRY PAPBURNABY BC,20.00,2018
8,26,OCT 10 OCT 11,MCDONALD'S #12135 MYMCDS COQUITLAM BC,1.88,2018
9,28,OCT 11 OCT 15,SHAW CABLESYSTEMS CALGARY AB,44.80,2018
10,30,OCT 12 OCT 15,MCDONALD'S #14908 MYMCDS BURNABY BC,1.05,2018
11,32,OCT 12 OCT 15,QUEENSBOROUGH LANDING LIQNEW WESTMINSTBC,8.50,2018
12,34,OCT 14 OCT 17,A&W STORE # 0573 SURREY BC,3.18,2018
13,36,OCT 14 OCT 17,A&W STORE # 0573 SURREY BC,10.23,2018
14,38,OCT 14 OCT 15,SUSHI WELL NEW WESTMINSTBC,28.17,2018
15,40,OCT 14 OCT 15,WESTPARK - PAY BY PHONE VVANCOUVER BC,2.85,2018
16,42,OCT 14 OCT 15,SKYBRIDGE TOWN PANTRY PAPSURREY BC,20.00,2018
17,44,OCT 15 OCT 17,REVENUE SERVICES BC VICTORIA BC,23.00,2018
18,46,OCT 15 OCT 17,DAMACAN SUSHI BURNABY BC,11.00,2018
0,0,APR 27,KOODO MOBILE PAC EDMONTON AB,46.20,2019
1,2,APR 27,TELUS MOBILITY PREAUTH CALGARY AB,135.80,2019
2,4,APR 27,88 SUPERMARKET VANCOUVER BC,3.90,2019
3,6,APR 27,CENTENNIAL TOWN PANTRY BURNABY BC,20.00,2019
4,8,APR 27,SAL Y LIMON MEXICAN CUISIVANCOUVER BC,16.48,2019
5,10,APR 30,PAYMENT - THANK YOU / PAIEMENT - MERCI,-501.08,2019
6,12,APR 30,PETROCAN-7890 CANADA WAY BURNABY BC,50.64,2019
7,14,MAY 01,WAL-MART SUPERCENTER#1205SURREY BC,48.43,2019
8,16,MAY 02,GREEN TIMBERS LIQUOR S SURREY BC,10.20,2019
9,18,MAY 03,H-MART COQUITLAM BC,9.77,2019
10,20,MAY 04,SPOTIFY P0AB5A0E57 STOCKHOLM,4.99,2019
11,22,MAY 04,SUPER SAVE GAS #11 MERRITT BC,48.78,2019
12,24,MAY 04,CACTUS CLUB KELOWNA YA KELOWNA BC,67.94,2019
13,26,MAY 05,TIM HORTONS #7552 KELOWNA BC,2.09,2019
14,28,MAY 05,PETROCAN-1090 WESTMINSTERPENTICTON BC,28.08,2019
15,30,MAY 05,PETROCAN-1969 WILLINGDON BURNABY BC,36.37,2019
0,3,MAY 05 MAY 06,CRAFT BEER MARKET - KELOWKELOWNA BC,28.78,2019
1,6,MAY 09 MAY 10,DANA - SIERRA WIRELESS RICHMOND BC,2.00,2019
2,9,MAY 11 MAY 13,PERVERTD ICE CREAM VANCOUVER BC,6.30,2019
3,12,MAY 11 MAY 13,SHAW CABLESYSTEMS CALGARY AB,7.45,2019
4,14,MAY 12 MAY 14,PETROCAN-5111 GRT MCCHONARICHMOND BC,1.09,2019
5,16,MAY 12 MAY 13,YVR PARKING RICHMOND BC,9.50,2019
6,20,MAY 13 MAY 14,PETROCAN-6502 VICTORIA DRVANCOUVER BC,37.45,2019
7,23,MAY 14 MAY 15,DANA - SIERRA WIRELESS RICHMOND BC,7.00,2019
8,26,MAY 14 MAY 14,"ATOM TICKETS, LLC 3106272866 CA",12.99,2019
9,28,MAY 15 MAY 21,REVENUE SERVICES BC VICTORIA BC,23.00,2019
10,30,MAY 15 MAY 16,TOKYO JOE'S SUSHI FACTORYRICHMOND BC,10.71,2019
11,32,MAY 15 MAY 16,MCDONALD'S #21433 NEW WESTMINSTBC,6.18,2019
12,34,MAY 17 MAY 21,DANA - SIERRA WIRELESS RICHMOND BC,1.05,2019
13,36,MAY 17 MAY 21,THE KEG DUNSMUIR VANCOUVER BC,55.05,2019
14,38,MAY 17 MAY 17,PAYMENT - THANK YOU / PAIEMENT - MERCI,-659.12,2019
15,40,MAY 18 MAY 21,XPRESS DONAIR HOUSE COQUITLAM BC,13.03,2019
16,42,MAY 19 MAY 21,COQUITLAM CHEERS CHICKEN COQUITLAM BC,44.59,2019
17,44,MAY 19 MAY 21,DENNY'S 03-089 COQUITL COQUITLAM BC,139.31,2019
18,46,MAY 20 MAY 21,COQUITLAM CHEERS CHICKEN COQUITLAM BC,14.48,2019
0,0,MAR 27,OFFER PETRO-CANADA,-5.00,2019
1,3,MAR 28,TELUS MOBILITY PREAUTH CALGARY AB,164.10,2019
2,7,MAR 29,KOODO MOBILE PAC EDMONTON AB,46.20,2019
3,11,MAR 30,SAFEWAY #4911 BURNABY BC,1.69,2019
4,14,MAR 30,SUSHI UOMO BURNABY BC,14.52,2019
5,18,MAR 30,QUEENS PARK TOWN PANTRY PNEW WESTMINSTBC,20.00,2019
6,22,MAR 31,PHO MR. DO VIETNAMESE RESBURNABY BC,5.20,2019
7,26,MAR 31,CENTENNIAL TOWN PANTRY PABURNABY BC,50.00,2019
8,30,APR 02,"ATOM TICKETS, LLC 3106272866 CA",17.00,2019
9,33,APR 02,RENAISSANCE COFFEE BURNABY BC,2.15,2019
10,37,APR 02,QUESADA BURRITOS AND TACOBURNABY BC,8.07,2019
11,41,APR 04,SPOTIFY P0A3F48122 STOCKHOLM,4.99,2019
12,45,APR 04,SUSHI CALIFORNIA COQUITLAM BC,12.65,2019
13,47,APR 06,PHO MR. DO VIETNAMESE RESBURNABY BC,7.00,2019
0,0,APR 11,SHAW CABLESYSTEMS CALGARY AB,103.04,2019
1,2,APR 12,SUSHI CALIFORNIA COQUITLAM BC,15.34,2019
2,4,APR 13,CHAD THAI BURNABY BC,13.27,2019
3,6,APR 13,BLOSSOM TEAS BURNABY BC,4.94,2019
4,8,APR 13,PETROCAN-7890 CANADA WAY BURNABY BC,50.50,2019
5,10,APR 14,MCDONALD'S #29716 Q04 BURNABY BC,1.77,2019
6,12,APR 15,MCDONALD'S #1449 MYMCDS COQUITLAM BC,2.93,2019
7,14,APR 15,MCDONALD'S #1449 Q04 COQUITLAM BC,1.05,2019
8,16,APR 16,REVENUE SERVICES BC VICTORIA BC,23.00,2019
9,18,APR 17,SFU J DOUGLAS # 87275004 BURNABY BC,9.23,2019
10,20,APR 19,TAQUERIA PLAYA TROPICAL NEW WESTMINSTBC,15.75,2019
11,22,APR 20,MCDONALD'S #29002 Q04 N. VANCOUVER BC,2.10,2019
12,24,APR 20,SHELL 4191 NORTH RD BURNABY BC,16.03,2019
13,26,APR 20,SHELL 1580 HWY 99. SQUAMISH BC,42.60,2019
14,28,APR 21,PLUS KARAOKE COQUITLAM BC,12.00,2019
15,30,APR 23,WOODS SPORTS PUB COQUITLAM BC,14.56,2019
16,32,APR 23,MCDONALD'S #14908 BURNABY BC,1.05,2019
0,0,MAR 11,SHAW CABLESYSTEMS CALGARY AB,44.81,2019
1,2,MAR 11,BLOSSOM TEAS BURNABY BC,4.85,2019
2,4,MAR 11,INLET TOWN PANTRY PAP BURNABY BC,20.00,2019
3,6,MAR 11,MCDONALD'S #29716 Q04 BURNABY BC,6.81,2019
4,8,MAR 11,MCDONALD'S #12135 Q04 COQUITLAM BC,1.88,2019
5,10,MAR 13,PHO MR. DO VIETNAMESE RESBURNABY BC,10.40,2019
6,12,MAR 13,PAYMENT - THANK YOU / PAIEMENT - MERCI,-331.01,2019
7,14,MAR 15,REVENUE SERVICES BC VICTORIA BC,23.00,2019
8,16,MAR 15,PETROCAN-8014 KING GEORGESURREY BC,48.31,2019
9,18,MAR 18,PIZZA HUT #31154 BURNABY BC,13.52,2019
10,20,MAR 20,AMAZON.CA*MW3JB8AC0 AMAZON.CA ON,16.12,2019
11,22,MAR 21,AMAZON.CA*MW50K21M1 AMAZON.CA ON,17.07,2019
12,24,MAR 22,YAGUCHIYA RAMEN BURNABY BC,15.40,2019
13,26,MAR 23,MCDONALD'S #29002 Q04 N. VANCOUVER BC,4.50,2019
14,28,MAR 24,HANGANG KOREAN RESTAUR COQUITLAM BC,19.84,2019
15,30,MAR 25,SAPPERTON TOWN PANTRY PAPNEW WESTMINSTBC,20.00,2019
16,32,MAR 26,BBONG KOREAN RESTAURAN COQUITLAM BC,21.17,2019
